"Date","FacemaskTrends","State","Day"
2020-01-05,0,"bogota",1
2020-01-06,0,"bogota",2
2020-01-07,0,"bogota",3
2020-01-08,0.000311056745794208,"bogota",4
2020-01-09,0.00214992774334494,"bogota",5
2020-01-10,0.00398676673889264,"bogota",6
2020-01-11,0.00582116733203883,"bogota",7
2020-01-12,0.00765302089787809,"bogota",8
2020-01-13,0.00948340991349259,"bogota",9
2020-01-14,0.0113137146314617,"bogota",10
2020-01-15,0.0131453153043643,"bogota",11
2020-01-16,0.0149795921847804,"bogota",12
2020-01-17,0.0168179255252883,"bogota",13
2020-01-18,0.018661695578467,"bogota",14
2020-01-19,0.0205129000762622,"bogota",15
2020-01-20,0.0223760066680848,"bogota",16
2020-01-21,0.0242561004827134,"bogota",17
2020-01-22,0.0261582666489281,"bogota",18
2020-01-23,0.0280875902955046,"bogota",19
2020-01-24,0.0300491565512234,"bogota",20
2020-01-25,0.0320480505448616,"bogota",21
2020-01-26,0.0340901386466509,"bogota",22
2020-01-27,0.0361844121926394,"bogota",23
2020-01-28,0.0383406437603307,"bogota",24
2020-01-29,0.0405686059272266,"bogota",25
2020-01-30,0.0428780712708288,"bogota",26
2020-01-31,0.0452788123686396,"bogota",27
2020-02-01,0.0477806017981617,"bogota",28
2020-02-02,0.0503937972716344,"bogota",29
2020-02-03,0.0531310970402435,"bogota",30
2020-02-04,0.0560057844899131,"bogota",31
2020-02-05,0.0590311430065671,"bogota",32
2020-02-06,0.0622204559761297,"bogota",33
2020-02-07,0.0655870067845241,"bogota",34
2020-02-08,0.0691440788176744,"bogota",35
2020-02-09,0.0729048598409187,"bogota",36
2020-02-10,0.0768821551372533,"bogota",37
2020-02-11,0.08108867436909,"bogota",38
2020-02-12,0.0855371271988406,"bogota",39
2020-02-13,0.0902402232889161,"bogota",40
2020-02-14,0.0952106723017266,"bogota",41
2020-02-15,0.100461183899685,"bogota",42
2020-02-16,0.106003359898288,"bogota",43
2020-02-17,0.111844370725381,"bogota",44
2020-02-18,0.117990278961893,"bogota",45
2020-02-19,0.124447147188755,"bogota",46
2020-02-20,0.131221037986898,"bogota",47
2020-02-21,0.138318013937252,"bogota",48
2020-02-22,0.145744137620747,"bogota",49
2020-02-23,0.153503484743587,"bogota",50
2020-02-24,0.161592183513061,"bogota",51
2020-02-25,0.170004375261732,"bogota",52
2020-02-26,0.17873420132216,"bogota",53
2020-02-27,0.18777580302691,"bogota",54
2020-02-28,0.197123321708541,"bogota",55
2020-02-29,0.206770898699617,"bogota",56
2020-03-01,0.216710499548418,"bogota",57
2020-03-02,0.226925386666094,"bogota",58
2020-03-03,0.237396646679518,"bogota",59
2020-03-04,0.248105366215557,"bogota",60
2020-03-05,0.259032631901083,"bogota",61
2020-03-06,0.270159530362964,"bogota",62
2020-03-07,0.281467148228072,"bogota",63
2020-03-08,0.292935186365749,"bogota",64
2020-03-09,0.304537802615238,"bogota",65
2020-03-10,0.316247769058254,"bogota",66
2020-03-11,0.328037857776512,"bogota",67
2020-03-12,0.339880840851729,"bogota",68
2020-03-13,0.351749490365619,"bogota",69
2020-03-14,0.363616578399899,"bogota",70
2020-03-15,0.375455028632003,"bogota",71
2020-03-16,0.387238371122236,"bogota",72
2020-03-17,0.398940287526626,"bogota",73
2020-03-18,0.410534459501196,"bogota",74
2020-03-19,0.421994568701974,"bogota",75
2020-03-20,0.433294296784985,"bogota",76
2020-03-21,0.444407325406252,"bogota",77
2020-03-22,0.455309080795858,"bogota",78
2020-03-23,0.4659819674801,"bogota",79
2020-03-24,0.47641013455933,"bogota",80
2020-03-25,0.4865777311339,"bogota",81
2020-03-26,0.496468906304165,"bogota",82
2020-03-27,0.506067809170475,"bogota",83
2020-03-28,0.515358588833185,"bogota",84
2020-03-29,0.524328005465806,"bogota",85
2020-03-30,0.532973263534502,"bogota",86
2020-03-31,0.541294178578596,"bogota",87
2020-04-01,0.549290566137409,"bogota",88
2020-04-02,0.556962241750266,"bogota",89
2020-04-03,0.564309020956488,"bogota",90
2020-04-04,0.571330719295399,"bogota",91
2020-04-05,0.578029484574242,"bogota",92
2020-04-06,0.584416793671943,"bogota",93
2020-04-07,0.590506455735347,"bogota",94
2020-04-08,0.5963122799113,"bogota",95
2020-04-09,0.601848075346647,"bogota",96
2020-04-10,0.607127651188236,"bogota",97
2020-04-11,0.61216481658291,"bogota",98
2020-04-12,0.616974476200982,"bogota",99
2020-04-13,0.621575916806622,"bogota",100
2020-04-14,0.625989520687466,"bogota",101
2020-04-15,0.630235670131151,"bogota",102
2020-04-16,0.634334747425313,"bogota",103
2020-04-17,0.638307134857587,"bogota",104
2020-04-18,0.642173214715612,"bogota",105
2020-04-19,0.645952939201341,"bogota",106
2020-04-20,0.64966454017401,"bogota",107
2020-04-21,0.653325819407173,"bogota",108
2020-04-22,0.656954578674385,"bogota",109
2020-04-23,0.6605686197492,"bogota",110
2020-04-24,0.664185744405172,"bogota",111
2020-04-25,0.667823754415856,"bogota",112
2020-04-26,0.671498955367158,"bogota",113
2020-04-27,0.675221668094391,"bogota",114
2020-04-28,0.679000717245221,"bogota",115
2020-04-29,0.682844927467312,"bogota",116
2020-04-30,0.68676312340833,"bogota",117
2020-05-01,0.690764129715941,"bogota",118
2020-05-02,0.694856771037809,"bogota",119
2020-05-03,0.69904818276773,"bogota",120
2020-05-04,0.703338743284019,"bogota",121
2020-05-05,0.707727141711122,"bogota",122
2020-05-06,0.712212067173485,"bogota",123
2020-05-07,0.716792208795553,"bogota",124
2020-05-08,0.721466255701771,"bogota",125
2020-05-09,0.726232897016586,"bogota",126
2020-05-10,0.731089718491696,"bogota",127
2020-05-11,0.736029892387814,"bogota",128
2020-05-12,0.741045487592906,"bogota",129
2020-05-13,0.746128572994936,"bogota",130
2020-05-14,0.751271217481872,"bogota",131
2020-05-15,0.756465489941679,"bogota",132
2020-05-16,0.761703459262323,"bogota",133
2020-05-17,0.766976995488191,"bogota",134
2020-05-18,0.77227717328936,"bogota",135
2020-05-19,0.777594868492326,"bogota",136
2020-05-20,0.782920956923587,"bogota",137
2020-05-21,0.788246314409642,"bogota",138
2020-05-22,0.793561816776986,"bogota",139
2020-05-23,0.798858339852119,"bogota",140
2020-05-24,0.804127278164894,"bogota",141
2020-05-25,0.809362101058596,"bogota",142
2020-05-26,0.814556796579864,"bogota",143
2020-05-27,0.819705352775341,"bogota",144
2020-05-28,0.824801757691666,"bogota",145
2020-05-29,0.829839999375481,"bogota",146
2020-05-30,0.834814065873425,"bogota",147
2020-05-31,0.839718719571307,"bogota",148
2020-06-01,0.844551820211605,"bogota",149
2020-06-02,0.849312001875963,"bogota",150
2020-06-03,0.853997898646024,"bogota",151
2020-06-04,0.858608144603433,"bogota",152
2020-06-05,0.863141373829833,"bogota",153
2020-06-06,0.867596220406871,"bogota",154
2020-06-07,0.871971921257609,"bogota",155
2020-06-08,0.876270124670789,"bogota",156
2020-06-09,0.880493081776574,"bogota",157
2020-06-10,0.884643043705126,"bogota",158
2020-06-11,0.888722261586608,"bogota",159
2020-06-12,0.89273298655118,"bogota",160
2020-06-13,0.896677469729006,"bogota",161
2020-06-14,0.900558197521098,"bogota",162
2020-06-15,0.90437859741187,"bogota",163
2020-06-16,0.908142332156584,"bogota",164
2020-06-17,0.911853064510505,"bogota",165
2020-06-18,0.915514457228896,"bogota",166
2020-06-19,0.919130173067024,"bogota",167
2020-06-20,0.922703874780149,"bogota",168
2020-06-21,0.926239140014324,"bogota",169
2020-06-22,0.929739205978752,"bogota",170
2020-06-23,0.933207224773423,"bogota",171
2020-06-24,0.936646348498328,"bogota",172
2020-06-25,0.940059729253458,"bogota",173
2020-06-26,0.943450519138801,"bogota",174
2020-06-27,0.946821870254351,"bogota",175
2020-06-28,0.950176705150103,"bogota",176
2020-06-29,0.953517028176074,"bogota",177
2020-06-30,0.95684461413229,"bogota",178
2020-07-01,0.960161237818776,"bogota",179
2020-07-02,0.963468674035556,"bogota",180
2020-07-03,0.966768697582654,"bogota",181
2020-07-04,0.970063083260094,"bogota",182
2020-07-05,0.973353402045748,"bogota",183
2020-07-06,0.976640409628859,"bogota",184
2020-07-07,0.979924657876517,"bogota",185
2020-07-08,0.983206698655813,"bogota",186
2020-07-09,0.98648708383384,"bogota",187
2020-07-10,0.989766365277685,"bogota",188
2020-07-11,0.993045094854437,"bogota",189
2020-07-12,0.996323732453347,"bogota",190
2020-07-13,1,"bogota",191
2020-07-14,1,"bogota",192
2020-07-15,1,"bogota",193
2020-07-16,1,"bogota",194
2020-07-17,1,"bogota",195
2020-07-18,1,"bogota",196
2020-07-19,1,"bogota",197
2020-07-20,1,"bogota",198
2020-07-21,1,"bogota",199
2020-07-22,1,"bogota",200
2020-07-23,1,"bogota",201
2020-07-24,1,"bogota",202
2020-07-25,1,"bogota",203
2020-07-26,1,"bogota",204
2020-07-27,1,"bogota",205
2020-07-28,1,"bogota",206
2020-07-29,1,"bogota",207
2020-07-30,1,"bogota",208
2020-07-31,1,"bogota",209
2020-08-01,1,"bogota",210
2020-08-02,1,"bogota",211
2020-08-03,1,"bogota",212
2020-08-04,1,"bogota",213
2020-08-05,1,"bogota",214
2020-08-06,1,"bogota",215
2020-08-07,1,"bogota",216
2020-08-08,1,"bogota",217
2020-08-09,1,"bogota",218
2020-08-10,1,"bogota",219
2020-08-11,1,"bogota",220
2020-08-12,1,"bogota",221
2020-08-13,1,"bogota",222
2020-08-14,1,"bogota",223
2020-08-15,1,"bogota",224
2020-08-16,1,"bogota",225
2020-08-17,1,"bogota",226
2020-08-18,1,"bogota",227
2020-08-19,1,"bogota",228
2020-08-20,1,"bogota",229
2020-08-21,1,"bogota",230
2020-08-22,1,"bogota",231
2020-08-23,1,"bogota",232
2020-08-24,1,"bogota",233
2020-08-25,1,"bogota",234
2020-08-26,1,"bogota",235
2020-08-27,1,"bogota",236
2020-08-28,1,"bogota",237
2020-08-29,1,"bogota",238
2020-08-30,1,"bogota",239
2020-08-31,1,"bogota",240
2020-09-01,1,"bogota",241
2020-09-02,1,"bogota",242
2020-09-03,1,"bogota",243
2020-09-04,1,"bogota",244
2020-09-05,1,"bogota",245
2020-09-06,1,"bogota",246
2020-09-07,1,"bogota",247
2020-09-08,1,"bogota",248
2020-09-09,1,"bogota",249
2020-09-10,1,"bogota",250
2020-09-11,1,"bogota",251
2020-09-12,1,"bogota",252
2020-09-13,1,"bogota",253
2020-09-14,1,"bogota",254
2020-09-15,1,"bogota",255
2020-09-16,1,"bogota",256
2020-09-17,1,"bogota",257
2020-09-18,1,"bogota",258
2020-09-19,1,"bogota",259
2020-09-20,1,"bogota",260
2020-09-21,1,"bogota",261
2020-09-22,1,"bogota",262
2020-09-23,1,"bogota",263
2020-09-24,1,"bogota",264
2020-09-25,1,"bogota",265
2020-09-26,1,"bogota",266
2020-09-27,1,"bogota",267
2020-09-28,1,"bogota",268
2020-09-29,1,"bogota",269
2020-09-30,1,"bogota",270
2020-10-01,1,"bogota",271
2020-10-02,1,"bogota",272
2020-10-03,1,"bogota",273
2020-10-04,1,"bogota",274
2020-10-05,1,"bogota",275
2020-10-06,1,"bogota",276
2020-10-07,1,"bogota",277
2020-10-08,1,"bogota",278
2020-10-09,1,"bogota",279
2020-10-10,1,"bogota",280
2020-10-11,1,"bogota",281
2020-10-12,1,"bogota",282
2020-10-13,1,"bogota",283
2020-10-14,1,"bogota",284
2020-10-15,1,"bogota",285
2020-10-16,1,"bogota",286
2020-10-17,1,"bogota",287
2020-10-18,1,"bogota",288
2020-10-19,1,"bogota",289
2020-10-20,1,"bogota",290
2020-10-21,1,"bogota",291
2020-10-22,1,"bogota",292
2020-10-23,1,"bogota",293
2020-10-24,1,"bogota",294
2020-10-25,1,"bogota",295
2020-10-26,1,"bogota",296
2020-10-27,1,"bogota",297
2020-10-28,1,"bogota",298
2020-10-29,1,"bogota",299
2020-10-30,1,"bogota",300
2020-10-31,1,"bogota",301
2020-11-01,1,"bogota",302
2020-11-02,1,"bogota",303
2020-11-03,1,"bogota",304
2020-11-04,1,"bogota",305
2020-11-05,1,"bogota",306
2020-11-06,1,"bogota",307
2020-11-07,1,"bogota",308
2020-11-08,1,"bogota",309
2020-11-09,1,"bogota",310
2020-11-10,1,"bogota",311
2020-11-11,1,"bogota",312
2020-11-12,1,"bogota",313
2020-11-13,1,"bogota",314
2020-11-14,1,"bogota",315
2020-11-15,1,"bogota",316
2020-11-16,1,"bogota",317
2020-11-17,1,"bogota",318
2020-11-18,1,"bogota",319
2020-11-19,1,"bogota",320
2020-11-20,1,"bogota",321
2020-11-21,1,"bogota",322
2020-11-22,1,"bogota",323
2020-11-23,1,"bogota",324
2020-11-24,1,"bogota",325
2020-11-25,1,"bogota",326
2020-11-26,1,"bogota",327
2020-11-27,1,"bogota",328
2020-11-28,1,"bogota",329
2020-11-29,1,"bogota",330
2020-11-30,1,"bogota",331
2020-12-01,1,"bogota",332
2020-12-02,1,"bogota",333
2020-12-03,1,"bogota",334
2020-12-04,1,"bogota",335
2020-12-05,1,"bogota",336
2020-12-06,1,"bogota",337
2020-12-07,1,"bogota",338
2020-12-08,1,"bogota",339
2020-12-09,1,"bogota",340
2020-12-10,1,"bogota",341
2020-12-11,1,"bogota",342
2020-12-12,1,"bogota",343
2020-12-13,1,"bogota",344
2020-12-14,1,"bogota",345
2020-12-15,1,"bogota",346
2020-12-16,1,"bogota",347
2020-12-17,1,"bogota",348
2020-12-18,1,"bogota",349
2020-12-19,1,"bogota",350
2020-12-20,1,"bogota",351
2020-12-21,1,"bogota",352
2020-12-22,1,"bogota",353
2020-12-23,1,"bogota",354
2020-12-24,1,"bogota",355
2020-12-25,1,"bogota",356
2020-12-26,1,"bogota",357
2020-12-27,1,"bogota",358
2020-12-28,1,"bogota",359
2020-12-29,1,"bogota",360
2020-12-30,1,"bogota",361
2020-12-31,1,"bogota",362
2021-01-01,1,"bogota",363
2021-01-02,1,"bogota",364
2021-01-03,1,"bogota",365
2021-01-04,1,"bogota",366
2021-01-05,1,"bogota",367
2021-01-06,1,"bogota",368
2021-01-07,1,"bogota",369
2021-01-08,1,"bogota",370
2021-01-09,1,"bogota",371
2021-01-10,1,"bogota",372
2021-01-11,1,"bogota",373
2021-01-12,1,"bogota",374
2021-01-13,1,"bogota",375
2021-01-14,1,"bogota",376
2021-01-15,1,"bogota",377
2021-01-16,1,"bogota",378
2021-01-17,1,"bogota",379
2021-01-18,1,"bogota",380
2021-01-19,1,"bogota",381
2021-01-20,1,"bogota",382
2021-01-21,1,"bogota",383
2021-01-22,1,"bogota",384
2021-01-23,1,"bogota",385
2021-01-24,1,"bogota",386
2021-01-25,1,"bogota",387
2021-01-26,1,"bogota",388
2021-01-27,1,"bogota",389
2021-01-28,1,"bogota",390
2021-01-29,1,"bogota",391
2021-01-30,1,"bogota",392
2021-01-31,1,"bogota",393
2021-02-01,1,"bogota",394
2021-02-02,1,"bogota",395
2021-02-03,1,"bogota",396
2021-02-04,1,"bogota",397
2021-02-05,1,"bogota",398
2021-02-06,1,"bogota",399
2021-02-07,1,"bogota",400
2021-02-08,1,"bogota",401
2021-02-09,1,"bogota",402
2021-02-10,1,"bogota",403
2021-02-11,1,"bogota",404
2021-02-12,1,"bogota",405
2021-02-13,1,"bogota",406
2021-02-14,1,"bogota",407
2021-02-15,1,"bogota",408
2021-02-16,1,"bogota",409
2021-02-17,1,"bogota",410
2021-02-18,1,"bogota",411
2021-02-19,1,"bogota",412
2021-02-20,0.999481905586717,"bogota",413
2021-02-21,0.998963882619553,"bogota",414
2021-02-22,0.998446002544629,"bogota",415
2021-02-23,0.997928336808062,"bogota",416
2021-02-24,0.997410960510066,"bogota",417
2021-02-25,0.996893963367223,"bogota",418
2021-02-26,0.996377438537453,"bogota",419
2021-02-27,0.995861478327644,"bogota",420
2021-02-28,0.995346174831928,"bogota",421
2021-03-01,0.994831620144439,"bogota",422
2021-03-02,0.994317906359306,"bogota",423
2021-03-03,0.993805125570663,"bogota",424
2021-03-04,0.993293369872642,"bogota",425
2021-03-05,0.992782719612301,"bogota",426
2021-03-06,0.99227319508175,"bogota",427
2021-03-07,0.99176475255943,"bogota",428
2021-03-08,0.991257335257129,"bogota",429
2021-03-09,0.990750886386636,"bogota",430
2021-03-10,0.990245349159739,"bogota",431
2021-03-11,0.989740648669516,"bogota",432
2021-03-12,0.989236618740233,"bogota",433
2021-03-13,0.988732980550687,"bogota",434
2021-03-14,0.988229359081954,"bogota",435
2021-03-15,0.987725359964167,"bogota",436
2021-03-16,0.987220588827459,"bogota",437
2021-03-17,0.986714651301963,"bogota",438
2021-03-18,0.986207153017814,"bogota",439
2021-03-19,0.985697699605144,"bogota",440
2021-03-20,0.985185896694086,"bogota",441
2021-03-21,0.984671349914775,"bogota",442
2021-03-22,0.984153664897343,"bogota",443
2021-03-23,0.983632447271923,"bogota",444
2021-03-24,0.98310730266865,"bogota",445
2021-03-25,0.982577836717657,"bogota",446
2021-03-26,0.982043655049076,"bogota",447
2021-03-27,0.981504363293042,"bogota",448
2021-03-28,0.980959567079687,"bogota",449
2021-03-29,0.980408872039145,"bogota",450
2021-03-30,0.979851871044999,"bogota",451
2021-03-31,0.979288094379063,"bogota",452
2021-04-01,0.978717013304348,"bogota",453
2021-04-02,0.9781380875183,"bogota",454
2021-04-03,0.977550776718366,"bogota",455
2021-04-04,0.976954540601991,"bogota",456
2021-04-05,0.976348838866623,"bogota",457
2021-04-06,0.975733131209707,"bogota",458
2021-04-07,0.975106875775916,"bogota",459
2021-04-08,0.97446952454524,"bogota",460
2021-04-09,0.973820528130555,"bogota",461
2021-04-10,0.97315933719115,"bogota",462
2021-04-11,0.972485402386313,"bogota",463
2021-04-12,0.971798174375335,"bogota",464
2021-04-13,0.971097103817505,"bogota",465
2021-04-14,0.970381641372113,"bogota",466
2021-04-15,0.969651237698447,"bogota",467
2021-04-16,0.968905356607493,"bogota",468
2021-04-17,0.968143514517017,"bogota",469
2021-04-18,0.967365240996481,"bogota",470
2021-04-19,0.966570065615348,"bogota",471
2021-04-20,0.96575751794308,"bogota",472
2021-04-21,0.96492714819983,"bogota",473
2021-04-22,0.964078589208516,"bogota",474
2021-04-23,0.963211494442745,"bogota",475
2021-04-24,0.962325517376124,"bogota",476
2021-04-25,0.961420311482264,"bogota",477
2021-04-26,0.960495530234771,"bogota",478
2021-04-27,0.959550827107253,"bogota",479
2021-04-28,0.958585855573319,"bogota",480
2021-04-29,0.957600269106576,"bogota",481
2021-04-30,0.956593721180634,"bogota",482
2021-05-01,0.955565865269099,"bogota",483
2021-05-02,0.954516354845579,"bogota",484
2021-05-03,0.953444843383684,"bogota",485
2021-05-04,0.952350984357021,"bogota",486
2021-05-05,0.951234464426948,"bogota",487
2021-05-06,0.950095103005829,"bogota",488
2021-05-07,0.948932752693775,"bogota",489
2021-05-08,0.947747299749514,"bogota",490
2021-05-09,0.94653876506622,"bogota",491
2021-05-10,0.945307203195682,"bogota",492
2021-05-11,0.944052668689688,"bogota",493
2021-05-12,0.942775216100028,"bogota",494
2021-05-13,0.941474899978489,"bogota",495
2021-05-14,0.940151774876861,"bogota",496
2021-05-15,0.93880589534693,"bogota",497
2021-05-16,0.937437315940487,"bogota",498
2021-05-17,0.936046091209319,"bogota",499
2021-05-18,0.934632275705216,"bogota",500
2021-05-19,0.933195923979964,"bogota",501
2021-05-20,0.931737090585353,"bogota",502
2021-05-21,0.930255830073172,"bogota",503
2021-05-22,0.928752222797236,"bogota",504
2021-05-23,0.927226452319473,"bogota",505
2021-05-24,0.925678728003837,"bogota",506
2021-05-25,0.924109259214283,"bogota",507
2021-05-26,0.922518255314765,"bogota",508
2021-05-27,0.920905925669238,"bogota",509
2021-05-28,0.919272479641657,"bogota",510
2021-05-29,0.917618126595977,"bogota",511
2021-05-30,0.915943075896152,"bogota",512
2021-05-31,0.914247536906136,"bogota",513
2021-06-01,0.912531718989886,"bogota",514
2021-06-02,0.910795844464553,"bogota",515
2021-06-03,0.909040187460089,"bogota",516
2021-06-04,0.907265045624499,"bogota",517
2021-06-05,0.905470768268914,"bogota",518
2021-06-06,0.903657752884128,"bogota",519
2021-06-07,0.901826406364638,"bogota",520
2021-06-08,0.899977135604943,"bogota",521
2021-06-09,0.89811035260934,"bogota",522
2021-06-10,0.896226489821336,"bogota",523
2021-06-11,0.894325988043582,"bogota",524
2021-06-12,0.892409303484584,"bogota",525
2021-06-13,0.890476906868974,"bogota",526
2021-06-14,0.888529277861299,"bogota",527
2021-06-15,0.886566897758966,"bogota",528
2021-06-16,0.884590247586297,"bogota",529
2021-06-17,0.882599806515072,"bogota",530
2021-06-18,0.880596049232882,"bogota",531
2021-06-19,0.878579443482882,"bogota",532
2021-06-20,0.876550448067135,"bogota",533
2021-06-21,0.874509513249512,"bogota",534
2021-06-22,0.872457085488574,"bogota",535
2021-06-23,0.870393600973589,"bogota",536
2021-06-24,0.868319483461637,"bogota",537
2021-06-25,0.86623514445701,"bogota",538
2021-06-26,0.864140983769628,"bogota",539
2021-06-27,0.86203739042415,"bogota",540
2021-06-28,0.859924745235592,"bogota",541
2021-06-29,0.857803427418158,"bogota",542
2021-06-30,0.855673815460209,"bogota",543
2021-07-01,0.853536284577246,"bogota",544
2021-07-02,0.851391207789469,"bogota",545
2021-07-03,0.849238958182272,"bogota",546
2021-07-04,0.847079911255468,"bogota",547
2021-07-05,0.844914446117108,"bogota",548
2021-07-06,0.842742942677039,"bogota",549
2021-07-07,0.840565782832053,"bogota",550
2021-07-08,0.838383358781559,"bogota",551
2021-07-09,0.836196076830114,"bogota",552
2021-07-10,0.834004359446062,"bogota",553
2021-07-11,0.831808647144466,"bogota",554
2021-07-12,0.829609396629173,"bogota",555
2021-07-13,0.827407071632502,"bogota",556
2021-07-14,0.825202154713201,"bogota",557
2021-07-15,0.822995151708096,"bogota",558
2021-07-16,0.82078659235551,"bogota",559
2021-07-17,0.818577030612973,"bogota",560
2021-07-18,0.816367044661016,"bogota",561
2021-07-19,0.814157232700957,"bogota",562
2021-07-20,0.811948200659201,"bogota",563
2021-07-21,0.809740569387707,"bogota",564
2021-07-22,0.80753496673575,"bogota",565
2021-07-23,0.805332036577284,"bogota",566
2021-07-24,0.803132440506947,"bogota",567
2021-07-25,0.800936855742046,"bogota",568
2021-07-26,0.798745970984197,"bogota",569
2021-07-27,0.796560477153389,"bogota",570
2021-07-28,0.794381065169609,"bogota",571
2021-07-29,0.792208426251695,"bogota",572
2021-07-30,0.790043252565037,"bogota",573
2021-07-31,0.787886234762895,"bogota",574
2021-08-01,0.7857380585901,"bogota",575
2021-08-02,0.783599403387146,"bogota",576
2021-08-03,0.78147094709734,"bogota",577
2021-08-04,0.779353364475796,"bogota",578
2021-08-05,0.777247313738386,"bogota",579
2021-08-06,0.775153430388433,"bogota",580
2021-08-07,0.773072323667977,"bogota",581
2021-08-08,0.771004578597674,"bogota",582
2021-08-09,0.768950775237461,"bogota",583
2021-08-10,0.766911493647279,"bogota",584
2021-08-11,0.764887313887066,"bogota",585
2021-08-12,0.762878816016761,"bogota",586
2021-08-13,0.760886572021664,"bogota",587
2021-08-14,0.758911121588508,"bogota",588
2021-08-15,0.75695299632939,"bogota",589
2021-08-16,0.755012727856403,"bogota",590
2021-08-17,0.753090847781644,"bogota",591
2021-08-18,0.75118787784769,"bogota",592
2021-08-19,0.749304290206232,"bogota",593
2021-08-20,0.747440496374823,"bogota",594
2021-08-21,0.745596846034418,"bogota",595
2021-08-22,0.743773636670924,"bogota",596
2021-08-23,0.741971155299816,"bogota",597
2021-08-24,0.740189688936572,"bogota",598
2021-08-25,0.738429524596668,"bogota",599
2021-08-26,0.736690949295582,"bogota",600
2021-08-27,0.734974250048791,"bogota",601
2021-08-28,0.733279713871771,"bogota",602
2021-08-29,0.731607617539069,"bogota",603
2021-08-30,0.729958196861512,"bogota",604
2021-08-31,0.728331667604938,"bogota",605
2021-09-01,0.726728196784088,"bogota",606
2021-09-02,0.725147894236018,"bogota",607
2021-09-03,0.723590814422258,"bogota",608
2021-09-04,0.722056958406821,"bogota",609
2021-09-05,0.72054627599516,"bogota",610
2021-09-06,0.719058675781436,"bogota",611
2021-09-07,0.717594050850141,"bogota",612
2021-09-08,0.716152264911281,"bogota",613
2021-09-09,0.714733167869396,"bogota",614
2021-09-10,0.713336583781642,"bogota",615
2021-09-11,0.711962324696918,"bogota",616
2021-09-12,0.710610180478494,"bogota",617
2021-09-13,0.709279935443228,"bogota",618
2021-09-14,0.707971369742039,"bogota",619
2021-09-15,0.706684243145766,"bogota",620
2021-09-16,0.705418293117099,"bogota",621
2021-09-17,0.704173237444162,"bogota",622
2021-09-18,0.702948776796704,"bogota",623
2021-09-19,0.701744597190215,"bogota",624
2021-09-20,0.700560374016863,"bogota",625
2021-09-21,0.699395779303729,"bogota",626
2021-09-22,0.69825047881249,"bogota",627
2021-09-23,0.697124132347105,"bogota",628
2021-09-24,0.696016395589782,"bogota",629
2021-09-25,0.694926921787308,"bogota",630
2021-09-26,0.693855363283685,"bogota",631
2021-09-27,0.692801372610134,"bogota",632
2021-09-28,0.691764602845308,"bogota",633
2021-09-29,0.690744709540118,"bogota",634
2021-09-30,0.689741351915404,"bogota",635
2021-10-01,0.688754193622127,"bogota",636
2021-10-02,0.687782903355203,"bogota",637
2021-10-03,0.686827154347149,"bogota",638
2021-10-04,0.685886620753741,"bogota",639
2021-10-05,0.684960976730755,"bogota",640
2021-10-06,0.684049897463272,"bogota",641
2021-10-07,0.683153063264244,"bogota",642
2021-10-08,0.682270159518486,"bogota",643
2021-10-09,0.681400872621455,"bogota",644
2021-10-10,0.680544888968606,"bogota",645
2021-10-11,0.679701894955393,"bogota",646
2021-10-12,0.678871577699772,"bogota",647
2021-10-13,0.678053627846929,"bogota",648
2021-10-14,0.67724773986011,"bogota",649
2021-10-15,0.676453611478191,"bogota",650
2021-10-16,0.675670943150393,"bogota",651
2021-10-17,0.67489943745761,"bogota",652
2021-10-18,0.674138798368177,"bogota",653
2021-10-19,0.673388730108445,"bogota",654
2021-10-20,0.672648936881264,"bogota",655
2021-10-21,0.671919122686455,"bogota",656
2021-10-22,0.671198991064181,"bogota",657
2021-10-23,0.670488245185973,"bogota",658
2021-10-24,0.669786587184976,"bogota",659
2021-10-25,0.669093718934737,"bogota",660
2021-10-26,0.668409342308805,"bogota",661
2021-10-27,0.66773315873562,"bogota",662
2021-10-28,0.667064867402374,"bogota",663
2021-10-29,0.666404164745768,"bogota",664
2021-10-30,0.665750744893146,"bogota",665
2021-10-31,0.665104301509722,"bogota",666
2021-11-01,0.664464528260705,"bogota",667
2021-11-02,0.663831118811306,"bogota",668
2021-11-03,0.663203766601994,"bogota",669
2021-11-04,0.662582164051044,"bogota",670
2021-11-05,0.661966002859113,"bogota",671
2021-11-06,0.661354974603636,"bogota",672
2021-11-07,0.660748771163201,"bogota",673
2021-11-08,0.660147085621,"bogota",674
2021-11-09,0.659549611361373,"bogota",675
2021-11-10,0.658956042683911,"bogota",676
2021-11-11,0.658366078713155,"bogota",677
2021-11-12,0.657779424144787,"bogota",678
2021-11-13,0.657195786567621,"bogota",679
2021-11-14,0.656614880487121,"bogota",680
2021-11-15,0.656036422137913,"bogota",681
2021-11-16,0.655460127754624,"bogota",682
2021-11-17,0.654885713571881,"bogota",683
2021-11-18,0.654312899366869,"bogota",684
2021-11-19,0.653741423061361,"bogota",685
2021-11-20,0.653171046446299,"bogota",686
2021-11-21,0.652601553003871,"bogota",687
2021-11-22,0.652032730645487,"bogota",688
2021-11-23,0.651464373214175,"bogota",689
2021-11-24,0.650896304757437,"bogota",690
2021-11-25,0.65032838821342,"bogota",691
2021-11-26,0.649760528824996,"bogota",692
2021-11-27,0.649192677689398,"bogota",693
2021-11-28,0.6486248265538,"bogota",694
2021-11-29,0.648056975418203,"bogota",695
2021-11-30,0.647489124282605,"bogota",696
2021-12-01,0.646921273147007,"bogota",697
2021-12-02,0.646353422011409,"bogota",698
2021-12-03,0.645785570875812,"bogota",699
2021-12-04,0.645217719740214,"bogota",700
2021-12-05,0.644649868604616,"bogota",701
2021-12-06,0.644082017469018,"bogota",702
2021-12-07,0.643514166333421,"bogota",703
2021-12-08,0.642946315197823,"bogota",704
2021-12-09,0.642378464062225,"bogota",705
2021-12-10,0.641810612926628,"bogota",706
2021-12-11,0.64124276179103,"bogota",707
2021-12-12,0.640674910655432,"bogota",708
2021-12-13,0.640107059519835,"bogota",709
2021-12-14,0.639539208384237,"bogota",710
2021-12-15,0.638971357248639,"bogota",711
2021-12-16,0.638403506113041,"bogota",712
2021-12-17,0.637835654977444,"bogota",713
2021-12-18,0.637267803841846,"bogota",714
2021-12-19,0.636699952706248,"bogota",715
2021-12-20,0.63613210157065,"bogota",716
2021-12-21,0.635564250435053,"bogota",717
2021-12-22,0.634996399299455,"bogota",718
2021-12-23,0.634428548163857,"bogota",719
2021-12-24,0.63386069702826,"bogota",720
2021-12-25,0.633292845892662,"bogota",721
2021-12-26,0.632724994757064,"bogota",722
2021-12-27,0.632157143621466,"bogota",723
2021-12-28,0.631589292485869,"bogota",724
2021-12-29,0.631021441350271,"bogota",725
2021-12-30,0.630453590214673,"bogota",726
2021-12-31,0.629885739079076,"bogota",727
2022-01-01,0.629317887943478,"bogota",728
2022-01-02,0.62875003680788,"bogota",729
2022-01-03,0.628182185672282,"bogota",730
2022-01-04,0.627614334536685,"bogota",731
2022-01-05,0.627046483401087,"bogota",732
2022-01-06,0.626478632265489,"bogota",733
2022-01-07,0.625910781129892,"bogota",734
2022-01-08,0.625342929994294,"bogota",735
2022-01-09,0.624775078858696,"bogota",736
2022-01-10,0.624207227723098,"bogota",737
2022-01-11,0.6236393765875,"bogota",738
2022-01-12,0.623071525451903,"bogota",739
2022-01-13,0.622503674316305,"bogota",740
2022-01-14,0.621935823180707,"bogota",741
2022-01-15,0.62136797204511,"bogota",742
2022-01-16,0.620800120909512,"bogota",743
2022-01-17,0.620232269773914,"bogota",744
2022-01-18,0.619664418638317,"bogota",745
2022-01-19,0.619096567502719,"bogota",746
2022-01-20,0.618528716367121,"bogota",747
2022-01-21,0.617960865231523,"bogota",748
2022-01-22,0.617393014095926,"bogota",749
2022-01-23,0.616825162960328,"bogota",750
2022-01-24,0.61625731182473,"bogota",751
2022-01-25,0.615689460689133,"bogota",752
2022-01-26,0.615121609553535,"bogota",753
2022-01-27,0.614553758417937,"bogota",754
2022-01-28,0.61398590728234,"bogota",755
2022-01-29,0.613418056146742,"bogota",756
2022-01-30,0.612850205011144,"bogota",757
2022-01-31,0.612282353875546,"bogota",758
2022-02-01,0.611714502739948,"bogota",759
2022-02-02,0.611146651604351,"bogota",760
2022-02-03,0.610578800468753,"bogota",761
2022-02-04,0.610010949333155,"bogota",762
2022-02-05,0.609443098197558,"bogota",763
2022-02-06,0.60887524706196,"bogota",764
2022-02-07,0.608307395926362,"bogota",765
2022-02-08,0.607739544790764,"bogota",766
2022-02-09,0.607171693655167,"bogota",767
2022-02-10,0.606603842519569,"bogota",768
2022-02-11,0.606035991383971,"bogota",769
2022-02-12,0.605468140248374,"bogota",770
2022-02-13,0.604900289112776,"bogota",771
2022-02-14,0.604332437977178,"bogota",772
2022-02-15,0.603764586841581,"bogota",773
2022-02-16,0.603196735705983,"bogota",774
2022-02-17,0.602628884570385,"bogota",775
2022-02-18,0.602061033434788,"bogota",776
2022-02-19,0.60149318229919,"bogota",777
2022-02-20,0.600925331163592,"bogota",778
2022-02-21,0.600357480027994,"bogota",779
2022-02-22,0.599789628892396,"bogota",780
2022-02-23,0.599221777756798,"bogota",781
2022-02-24,0.598653926621201,"bogota",782
2022-02-25,0.598086075485603,"bogota",783
2022-02-26,0.597518224350006,"bogota",784
2022-02-27,0.596950373214408,"bogota",785
2022-02-28,0.59638252207881,"bogota",786
2022-03-01,0.595814670943212,"bogota",787
2022-03-02,0.595246819807615,"bogota",788
2022-03-03,0.594678968672017,"bogota",789
2022-03-04,0.594111117536419,"bogota",790
2022-03-05,0.593543266400822,"bogota",791
2022-03-06,0.592975415265224,"bogota",792
2022-03-07,0.592407564129626,"bogota",793
2022-03-08,0.591839712994028,"bogota",794
2022-03-09,0.591271861858431,"bogota",795
2022-03-10,0.590704010722833,"bogota",796
2022-03-11,0.590136159587235,"bogota",797
2022-03-12,0.589568308451637,"bogota",798
2022-03-13,0.58900045731604,"bogota",799
2022-03-14,0.588432606180442,"bogota",800
2022-03-15,0.587864755044844,"bogota",801
2022-03-16,0.587296903909247,"bogota",802
2022-03-17,0.586729052773649,"bogota",803
2022-03-18,0.586161201638051,"bogota",804
2022-03-19,0.585593350502454,"bogota",805
2022-03-20,0.585025499366856,"bogota",806
2022-03-21,0.584457648231258,"bogota",807
2022-03-22,0.58388979709566,"bogota",808
2022-03-23,0.583321945960062,"bogota",809
2022-03-24,0.582754094824465,"bogota",810
2022-03-25,0.582186243688867,"bogota",811
2022-03-26,0.581618392553269,"bogota",812
