MunCode,Localidad,Date,Cases,Deaths
11001,1,2020-02-26,1,0
11001,1,2020-03-01,1,0
11001,1,2020-03-04,1,0
11001,1,2020-03-05,1,0
11001,1,2020-03-07,3,0
11001,1,2020-03-09,2,0
11001,1,2020-03-10,3,0
11001,1,2020-03-11,1,0
11001,1,2020-03-12,7,0
11001,1,2020-03-13,3,0
11001,1,2020-03-14,6,0
11001,1,2020-03-15,7,0
11001,1,2020-03-16,15,0
11001,1,2020-03-17,11,0
11001,1,2020-03-18,8,0
11001,1,2020-03-19,16,0
11001,1,2020-03-20,10,0
11001,1,2020-03-21,6,0
11001,1,2020-03-22,11,0
11001,1,2020-03-23,6,0
11001,1,2020-03-24,8,0
11001,1,2020-03-25,7,0
11001,1,2020-03-26,7,0
11001,1,2020-03-27,10,0
11001,1,2020-03-28,9,0
11001,1,2020-03-29,4,0
11001,1,2020-03-30,8,1
11001,1,2020-03-31,7,0
11001,1,2020-04-01,11,0
11001,1,2020-04-02,7,0
11001,1,2020-04-03,8,3
11001,1,2020-04-04,4,0
11001,1,2020-04-05,6,1
11001,1,2020-04-06,4,1
11001,1,2020-04-07,3,1
11001,1,2020-04-08,5,0
11001,1,2020-04-09,1,0
11001,1,2020-04-10,4,0
11001,1,2020-04-11,8,0
11001,1,2020-04-12,9,0
11001,1,2020-04-14,4,1
11001,1,2020-04-15,2,0
11001,1,2020-04-16,1,0
11001,1,2020-04-17,3,0
11001,1,2020-04-18,4,0
11001,1,2020-04-19,2,0
11001,1,2020-04-20,2,1
11001,1,2020-04-21,2,1
11001,1,2020-04-22,1,0
11001,1,2020-04-23,6,0
11001,1,2020-04-24,5,0
11001,1,2020-04-25,1,0
11001,1,2020-04-26,4,0
11001,1,2020-04-27,5,0
11001,1,2020-04-28,3,0
11001,1,2020-04-29,3,0
11001,1,2020-04-30,4,0
11001,1,2020-05-01,4,0
11001,1,2020-05-02,4,0
11001,1,2020-05-03,2,0
11001,1,2020-05-04,4,0
11001,1,2020-05-05,6,0
11001,1,2020-05-06,14,0
11001,1,2020-05-07,1,0
11001,1,2020-05-08,6,0
11001,1,2020-05-09,4,0
11001,1,2020-05-10,16,0
11001,1,2020-05-11,10,0
11001,1,2020-05-12,7,0
11001,1,2020-05-13,11,0
11001,1,2020-05-14,6,0
11001,1,2020-05-15,13,0
11001,1,2020-05-16,10,0
11001,1,2020-05-17,8,0
11001,1,2020-05-18,17,0
11001,1,2020-05-19,15,0
11001,1,2020-05-20,6,0
11001,1,2020-05-21,13,0
11001,1,2020-05-22,10,0
11001,1,2020-05-23,41,0
11001,1,2020-05-24,6,0
11001,1,2020-05-25,14,0
11001,1,2020-05-26,12,0
11001,1,2020-05-27,11,0
11001,1,2020-05-28,17,0
11001,1,2020-05-29,14,0
11001,1,2020-05-30,6,0
11001,1,2020-05-31,12,0
11001,1,2020-06-01,29,0
11001,1,2020-06-02,29,0
11001,1,2020-06-03,22,0
11001,1,2020-06-04,19,0
11001,1,2020-06-05,22,0
11001,1,2020-06-06,24,0
11001,1,2020-06-07,17,1
11001,1,2020-06-08,30,1
11001,1,2020-06-09,26,2
11001,1,2020-06-10,21,1
11001,1,2020-06-11,28,0
11001,1,2020-06-12,35,0
11001,1,2020-06-13,27,0
11001,1,2020-06-14,28,1
11001,1,2020-06-15,31,0
11001,1,2020-06-16,54,0
11001,1,2020-06-17,68,0
11001,1,2020-06-18,45,0
11001,1,2020-06-19,48,0
11001,1,2020-06-20,74,0
11001,1,2020-06-21,58,0
11001,1,2020-06-22,37,0
11001,1,2020-06-23,59,0
11001,1,2020-06-24,74,1
11001,1,2020-06-25,76,0
11001,1,2020-06-26,101,3
11001,1,2020-06-27,72,1
11001,1,2020-06-28,69,4
11001,1,2020-06-29,118,0
11001,1,2020-06-30,106,1
11001,1,2020-07-01,170,2
11001,1,2020-07-02,151,3
11001,1,2020-07-03,142,5
11001,1,2020-07-04,143,1
11001,1,2020-07-05,117,1
11001,1,2020-07-06,161,1
11001,1,2020-07-07,125,1
11001,1,2020-07-08,162,1
11001,1,2020-07-09,146,4
11001,1,2020-07-10,190,4
11001,1,2020-07-11,145,5
11001,1,2020-07-12,169,1
11001,1,2020-07-13,193,2
11001,1,2020-07-14,176,0
11001,1,2020-07-15,150,10
11001,1,2020-07-16,175,6
11001,1,2020-07-17,184,4
11001,1,2020-07-18,174,2
11001,1,2020-07-19,184,0
11001,1,2020-07-20,208,7
11001,1,2020-07-21,199,2
11001,1,2020-07-22,208,8
11001,1,2020-07-23,254,9
11001,1,2020-07-24,231,4
11001,1,2020-07-25,223,9
11001,1,2020-07-26,172,3
11001,1,2020-07-27,264,2
11001,1,2020-07-28,240,3
11001,1,2020-07-29,238,3
11001,1,2020-07-30,219,6
11001,1,2020-07-31,221,7
11001,1,2020-08-01,238,4
11001,1,2020-08-02,136,6
11001,1,2020-08-03,239,6
11001,1,2020-08-04,196,5
11001,1,2020-08-05,217,6
11001,1,2020-08-06,200,4
11001,1,2020-08-07,128,5
11001,1,2020-08-08,167,3
11001,1,2020-08-09,141,9
11001,1,2020-08-10,232,4
11001,1,2020-08-11,155,7
11001,1,2020-08-12,147,6
11001,1,2020-08-13,222,4
11001,1,2020-08-14,206,7
11001,1,2020-08-15,159,3
11001,1,2020-08-16,135,1
11001,1,2020-08-17,112,4
11001,1,2020-08-18,152,7
11001,1,2020-08-19,131,4
11001,1,2020-08-20,142,3
11001,1,2020-08-21,127,5
11001,1,2020-08-22,116,5
11001,1,2020-08-23,87,1
11001,1,2020-08-24,144,5
11001,1,2020-08-25,150,5
11001,1,2020-08-26,143,2
11001,1,2020-08-27,95,4
11001,1,2020-08-28,85,4
11001,1,2020-08-29,92,4
11001,1,2020-08-30,64,1
11001,1,2020-08-31,92,3
11001,1,2020-09-01,85,0
11001,1,2020-09-02,54,2
11001,1,2020-09-03,67,5
11001,1,2020-09-04,90,2
11001,1,2020-09-05,62,3
11001,1,2020-09-06,42,2
11001,1,2020-09-07,60,2
11001,1,2020-09-08,39,2
11001,1,2020-09-09,33,4
11001,1,2020-09-10,34,1
11001,1,2020-09-11,31,4
11001,1,2020-09-12,16,2
11001,1,2020-09-13,10,1
11001,1,2020-09-14,4,3
11001,2,2020-03-05,1,0
11001,2,2020-03-06,1,0
11001,2,2020-03-07,2,0
11001,2,2020-03-09,1,0
11001,2,2020-03-10,2,0
11001,2,2020-03-11,5,0
11001,2,2020-03-12,5,0
11001,2,2020-03-13,4,0
11001,2,2020-03-14,5,0
11001,2,2020-03-15,2,0
11001,2,2020-03-16,6,0
11001,2,2020-03-17,6,0
11001,2,2020-03-18,6,0
11001,2,2020-03-19,4,0
11001,2,2020-03-20,6,0
11001,2,2020-03-21,6,0
11001,2,2020-03-22,4,0
11001,2,2020-03-23,1,0
11001,2,2020-03-24,3,0
11001,2,2020-03-25,4,0
11001,2,2020-03-26,3,0
11001,2,2020-03-27,3,0
11001,2,2020-03-28,1,0
11001,2,2020-03-29,3,0
11001,2,2020-03-30,2,0
11001,2,2020-03-31,1,0
11001,2,2020-04-01,1,0
11001,2,2020-04-04,1,0
11001,2,2020-04-05,2,0
11001,2,2020-04-06,2,0
11001,2,2020-04-07,2,0
11001,2,2020-04-08,1,0
11001,2,2020-04-09,2,0
11001,2,2020-04-10,3,0
11001,2,2020-04-11,2,0
11001,2,2020-04-12,1,0
11001,2,2020-04-13,1,0
11001,2,2020-04-14,2,0
11001,2,2020-04-15,2,0
11001,2,2020-04-16,2,0
11001,2,2020-04-17,1,0
11001,2,2020-04-18,4,0
11001,2,2020-04-20,3,0
11001,2,2020-04-23,3,0
11001,2,2020-04-24,2,0
11001,2,2020-04-25,1,0
11001,2,2020-04-26,1,0
11001,2,2020-04-27,1,0
11001,2,2020-04-30,2,0
11001,2,2020-05-01,2,0
11001,2,2020-05-02,1,0
11001,2,2020-05-03,1,0
11001,2,2020-05-04,2,0
11001,2,2020-05-05,1,0
11001,2,2020-05-06,1,0
11001,2,2020-05-08,1,0
11001,2,2020-05-10,4,0
11001,2,2020-05-12,1,0
11001,2,2020-05-13,3,0
11001,2,2020-05-14,3,0
11001,2,2020-05-15,1,0
11001,2,2020-05-16,2,0
11001,2,2020-05-17,3,0
11001,2,2020-05-18,1,0
11001,2,2020-05-19,6,0
11001,2,2020-05-20,4,0
11001,2,2020-05-21,5,0
11001,2,2020-05-22,4,0
11001,2,2020-05-23,5,0
11001,2,2020-05-24,2,0
11001,2,2020-05-25,11,0
11001,2,2020-05-26,8,0
11001,2,2020-05-27,27,0
11001,2,2020-05-28,16,0
11001,2,2020-05-29,10,0
11001,2,2020-05-30,6,0
11001,2,2020-05-31,5,0
11001,2,2020-06-01,12,1
11001,2,2020-06-02,7,0
11001,2,2020-06-03,4,0
11001,2,2020-06-04,10,0
11001,2,2020-06-05,11,0
11001,2,2020-06-06,4,0
11001,2,2020-06-07,9,0
11001,2,2020-06-08,14,1
11001,2,2020-06-09,15,0
11001,2,2020-06-10,17,0
11001,2,2020-06-11,14,0
11001,2,2020-06-12,12,0
11001,2,2020-06-13,12,0
11001,2,2020-06-14,7,0
11001,2,2020-06-15,14,0
11001,2,2020-06-16,16,0
11001,2,2020-06-17,17,0
11001,2,2020-06-18,16,0
11001,2,2020-06-19,10,0
11001,2,2020-06-20,23,0
11001,2,2020-06-21,13,0
11001,2,2020-06-22,24,1
11001,2,2020-06-23,22,1
11001,2,2020-06-24,26,0
11001,2,2020-06-25,26,1
11001,2,2020-06-26,31,0
11001,2,2020-06-27,32,0
11001,2,2020-06-28,30,0
11001,2,2020-06-29,24,0
11001,2,2020-06-30,36,0
11001,2,2020-07-01,45,1
11001,2,2020-07-02,45,0
11001,2,2020-07-03,44,0
11001,2,2020-07-04,35,2
11001,2,2020-07-05,42,0
11001,2,2020-07-06,48,0
11001,2,2020-07-07,35,2
11001,2,2020-07-08,54,0
11001,2,2020-07-09,49,2
11001,2,2020-07-10,81,2
11001,2,2020-07-11,60,2
11001,2,2020-07-12,52,0
11001,2,2020-07-13,174,3
11001,2,2020-07-14,116,2
11001,2,2020-07-15,91,0
11001,2,2020-07-16,92,2
11001,2,2020-07-17,98,0
11001,2,2020-07-18,90,2
11001,2,2020-07-19,122,3
11001,2,2020-07-20,57,2
11001,2,2020-07-21,82,0
11001,2,2020-07-22,91,1
11001,2,2020-07-23,71,4
11001,2,2020-07-24,75,2
11001,2,2020-07-25,72,2
11001,2,2020-07-26,42,2
11001,2,2020-07-27,64,1
11001,2,2020-07-28,79,0
11001,2,2020-07-29,76,3
11001,2,2020-07-30,61,0
11001,2,2020-07-31,70,5
11001,2,2020-08-01,69,3
11001,2,2020-08-02,43,3
11001,2,2020-08-03,65,0
11001,2,2020-08-04,51,2
11001,2,2020-08-05,59,2
11001,2,2020-08-06,63,2
11001,2,2020-08-07,50,2
11001,2,2020-08-08,58,5
11001,2,2020-08-09,42,2
11001,2,2020-08-10,43,1
11001,2,2020-08-11,41,1
11001,2,2020-08-12,39,1
11001,2,2020-08-13,66,1
11001,2,2020-08-14,43,0
11001,2,2020-08-15,43,1
11001,2,2020-08-16,25,1
11001,2,2020-08-17,24,2
11001,2,2020-08-18,35,0
11001,2,2020-08-19,33,1
11001,2,2020-08-20,47,2
11001,2,2020-08-21,31,0
11001,2,2020-08-22,42,2
11001,2,2020-08-23,30,1
11001,2,2020-08-24,29,1
11001,2,2020-08-25,38,1
11001,2,2020-08-26,45,3
11001,2,2020-08-27,33,1
11001,2,2020-08-28,17,1
11001,2,2020-08-29,13,0
11001,2,2020-08-30,22,0
11001,2,2020-08-31,32,1
11001,2,2020-09-01,22,3
11001,2,2020-09-02,15,0
11001,2,2020-09-03,20,0
11001,2,2020-09-04,22,0
11001,2,2020-09-05,17,1
11001,2,2020-09-06,14,1
11001,2,2020-09-07,16,0
11001,2,2020-09-08,12,0
11001,2,2020-09-09,10,0
11001,2,2020-09-10,7,0
11001,2,2020-09-11,2,1
11001,2,2020-09-12,2,0
11001,2,2020-09-14,2,1
11001,3,2020-03-10,1,0
11001,3,2020-03-13,1,0
11001,3,2020-03-14,1,0
11001,3,2020-03-15,1,0
11001,3,2020-03-16,2,0
11001,3,2020-03-18,2,0
11001,3,2020-03-29,1,0
11001,3,2020-03-30,1,0
11001,3,2020-03-31,1,0
11001,3,2020-04-01,1,0
11001,3,2020-04-11,3,0
11001,3,2020-04-12,1,0
11001,3,2020-04-14,1,0
11001,3,2020-04-16,2,0
11001,3,2020-04-19,2,0
11001,3,2020-04-20,1,0
11001,3,2020-04-22,1,0
11001,3,2020-04-23,4,0
11001,3,2020-04-24,2,0
11001,3,2020-04-25,3,0
11001,3,2020-04-26,1,0
11001,3,2020-04-27,2,0
11001,3,2020-04-29,2,0
11001,3,2020-05-01,3,0
11001,3,2020-05-02,4,0
11001,3,2020-05-03,3,0
11001,3,2020-05-04,2,0
11001,3,2020-05-05,3,0
11001,3,2020-05-06,3,0
11001,3,2020-05-08,4,1
11001,3,2020-05-09,3,0
11001,3,2020-05-10,5,0
11001,3,2020-05-11,10,0
11001,3,2020-05-12,5,0
11001,3,2020-05-13,4,0
11001,3,2020-05-14,1,0
11001,3,2020-05-15,8,0
11001,3,2020-05-16,4,0
11001,3,2020-05-17,8,0
11001,3,2020-05-18,10,0
11001,3,2020-05-19,13,0
11001,3,2020-05-20,7,0
11001,3,2020-05-21,10,0
11001,3,2020-05-22,3,0
11001,3,2020-05-23,3,0
11001,3,2020-05-24,6,0
11001,3,2020-05-25,6,0
11001,3,2020-05-26,10,0
11001,3,2020-05-27,7,0
11001,3,2020-05-28,4,0
11001,3,2020-05-29,9,1
11001,3,2020-05-30,5,0
11001,3,2020-05-31,15,0
11001,3,2020-06-01,11,0
11001,3,2020-06-02,8,0
11001,3,2020-06-03,5,0
11001,3,2020-06-04,10,0
11001,3,2020-06-05,10,0
11001,3,2020-06-06,12,1
11001,3,2020-06-07,5,1
11001,3,2020-06-08,9,0
11001,3,2020-06-09,11,0
11001,3,2020-06-10,25,0
11001,3,2020-06-11,18,0
11001,3,2020-06-12,16,0
11001,3,2020-06-13,9,0
11001,3,2020-06-14,15,0
11001,3,2020-06-15,20,1
11001,3,2020-06-16,21,1
11001,3,2020-06-17,21,0
11001,3,2020-06-18,54,0
11001,3,2020-06-19,35,2
11001,3,2020-06-20,35,0
11001,3,2020-06-21,25,0
11001,3,2020-06-22,19,1
11001,3,2020-06-23,43,1
11001,3,2020-06-24,37,0
11001,3,2020-06-25,92,2
11001,3,2020-06-26,61,1
11001,3,2020-06-27,48,1
11001,3,2020-06-28,52,1
11001,3,2020-06-29,28,1
11001,3,2020-06-30,51,2
11001,3,2020-07-01,143,0
11001,3,2020-07-02,126,3
11001,3,2020-07-03,52,2
11001,3,2020-07-04,44,0
11001,3,2020-07-05,70,2
11001,3,2020-07-06,66,0
11001,3,2020-07-07,62,2
11001,3,2020-07-08,51,1
11001,3,2020-07-09,46,0
11001,3,2020-07-10,67,2
11001,3,2020-07-11,33,1
11001,3,2020-07-12,51,1
11001,3,2020-07-13,78,1
11001,3,2020-07-14,139,3
11001,3,2020-07-15,69,2
11001,3,2020-07-16,51,2
11001,3,2020-07-17,54,0
11001,3,2020-07-18,87,2
11001,3,2020-07-19,53,1
11001,3,2020-07-20,58,2
11001,3,2020-07-21,57,2
11001,3,2020-07-22,74,2
11001,3,2020-07-23,67,4
11001,3,2020-07-24,57,2
11001,3,2020-07-25,57,2
11001,3,2020-07-26,50,1
11001,3,2020-07-27,61,6
11001,3,2020-07-28,50,2
11001,3,2020-07-29,72,3
11001,3,2020-07-30,62,3
11001,3,2020-07-31,44,3
11001,3,2020-08-01,50,1
11001,3,2020-08-02,27,1
11001,3,2020-08-03,47,0
11001,3,2020-08-04,42,3
11001,3,2020-08-05,51,3
11001,3,2020-08-06,34,0
11001,3,2020-08-07,29,3
11001,3,2020-08-08,53,4
11001,3,2020-08-09,20,3
11001,3,2020-08-10,44,0
11001,3,2020-08-11,33,1
11001,3,2020-08-12,40,3
11001,3,2020-08-13,33,2
11001,3,2020-08-14,35,0
11001,3,2020-08-15,40,0
11001,3,2020-08-16,23,1
11001,3,2020-08-17,25,2
11001,3,2020-08-18,42,1
11001,3,2020-08-19,57,0
11001,3,2020-08-20,40,1
11001,3,2020-08-21,53,0
11001,3,2020-08-22,34,2
11001,3,2020-08-23,25,0
11001,3,2020-08-24,36,2
11001,3,2020-08-25,19,0
11001,3,2020-08-26,52,0
11001,3,2020-08-27,26,1
11001,3,2020-08-28,23,1
11001,3,2020-08-29,20,2
11001,3,2020-08-30,21,1
11001,3,2020-08-31,43,1
11001,3,2020-09-01,21,2
11001,3,2020-09-02,23,1
11001,3,2020-09-03,17,0
11001,3,2020-09-04,29,1
11001,3,2020-09-05,16,1
11001,3,2020-09-06,8,0
11001,3,2020-09-07,60,1
11001,3,2020-09-08,20,1
11001,3,2020-09-09,12,0
11001,3,2020-09-10,4,2
11001,3,2020-09-11,3,1
11001,3,2020-09-12,4,0
11001,3,2020-09-13,3,2
11001,3,2020-09-14,11,0
11001,4,2020-03-10,1,0
11001,4,2020-03-16,1,0
11001,4,2020-03-17,1,0
11001,4,2020-03-18,1,0
11001,4,2020-03-19,1,0
11001,4,2020-03-20,1,0
11001,4,2020-03-21,1,0
11001,4,2020-03-22,2,0
11001,4,2020-03-25,1,0
11001,4,2020-03-26,3,0
11001,4,2020-03-27,1,0
11001,4,2020-03-28,2,0
11001,4,2020-03-31,3,0
11001,4,2020-04-01,6,0
11001,4,2020-04-02,1,0
11001,4,2020-04-04,2,0
11001,4,2020-04-05,4,0
11001,4,2020-04-06,3,0
11001,4,2020-04-07,5,0
11001,4,2020-04-08,6,0
11001,4,2020-04-09,3,0
11001,4,2020-04-10,1,0
11001,4,2020-04-11,4,0
11001,4,2020-04-12,8,0
11001,4,2020-04-13,6,1
11001,4,2020-04-14,4,0
11001,4,2020-04-15,3,0
11001,4,2020-04-16,2,1
11001,4,2020-04-17,3,0
11001,4,2020-04-18,4,0
11001,4,2020-04-19,6,1
11001,4,2020-04-20,4,0
11001,4,2020-04-21,5,0
11001,4,2020-04-22,4,0
11001,4,2020-04-23,2,0
11001,4,2020-04-24,2,0
11001,4,2020-04-25,6,0
11001,4,2020-04-26,13,1
11001,4,2020-04-27,7,0
11001,4,2020-04-28,7,1
11001,4,2020-04-29,4,0
11001,4,2020-04-30,3,1
11001,4,2020-05-01,6,0
11001,4,2020-05-02,4,0
11001,4,2020-05-03,11,0
11001,4,2020-05-04,6,0
11001,4,2020-05-05,6,0
11001,4,2020-05-06,3,0
11001,4,2020-05-07,6,0
11001,4,2020-05-08,7,0
11001,4,2020-05-09,12,0
11001,4,2020-05-10,14,0
11001,4,2020-05-11,10,0
11001,4,2020-05-12,13,0
11001,4,2020-05-13,16,0
11001,4,2020-05-14,16,0
11001,4,2020-05-15,12,0
11001,4,2020-05-16,16,1
11001,4,2020-05-17,15,0
11001,4,2020-05-18,25,2
11001,4,2020-05-19,26,0
11001,4,2020-05-20,25,0
11001,4,2020-05-21,12,1
11001,4,2020-05-22,18,0
11001,4,2020-05-23,19,1
11001,4,2020-05-24,10,0
11001,4,2020-05-25,31,2
11001,4,2020-05-26,16,1
11001,4,2020-05-27,15,0
11001,4,2020-05-28,21,0
11001,4,2020-05-29,16,1
11001,4,2020-05-30,16,0
11001,4,2020-05-31,18,1
11001,4,2020-06-01,34,0
11001,4,2020-06-02,31,0
11001,4,2020-06-03,25,0
11001,4,2020-06-04,18,1
11001,4,2020-06-05,36,1
11001,4,2020-06-06,38,0
11001,4,2020-06-07,16,0
11001,4,2020-06-08,51,0
11001,4,2020-06-09,32,1
11001,4,2020-06-10,50,1
11001,4,2020-06-11,28,0
11001,4,2020-06-12,53,0
11001,4,2020-06-13,51,0
11001,4,2020-06-14,42,0
11001,4,2020-06-15,48,0
11001,4,2020-06-16,110,1
11001,4,2020-06-17,53,0
11001,4,2020-06-18,52,1
11001,4,2020-06-19,65,0
11001,4,2020-06-20,79,0
11001,4,2020-06-21,68,4
11001,4,2020-06-22,68,1
11001,4,2020-06-23,85,1
11001,4,2020-06-24,118,2
11001,4,2020-06-25,99,1
11001,4,2020-06-26,103,3
11001,4,2020-06-27,98,2
11001,4,2020-06-28,87,1
11001,4,2020-06-29,107,1
11001,4,2020-06-30,170,3
11001,4,2020-07-01,158,4
11001,4,2020-07-02,113,4
11001,4,2020-07-03,153,2
11001,4,2020-07-04,188,2
11001,4,2020-07-05,101,1
11001,4,2020-07-06,159,4
11001,4,2020-07-07,132,3
11001,4,2020-07-08,142,3
11001,4,2020-07-09,144,2
11001,4,2020-07-10,213,5
11001,4,2020-07-11,123,3
11001,4,2020-07-12,129,5
11001,4,2020-07-13,197,1
11001,4,2020-07-14,169,7
11001,4,2020-07-15,129,5
11001,4,2020-07-16,142,3
11001,4,2020-07-17,116,4
11001,4,2020-07-18,160,5
11001,4,2020-07-19,133,3
11001,4,2020-07-20,129,2
11001,4,2020-07-21,153,8
11001,4,2020-07-22,201,3
11001,4,2020-07-23,180,4
11001,4,2020-07-24,187,11
11001,4,2020-07-25,160,5
11001,4,2020-07-26,115,4
11001,4,2020-07-27,226,5
11001,4,2020-07-28,147,3
11001,4,2020-07-29,160,9
11001,4,2020-07-30,159,9
11001,4,2020-07-31,148,5
11001,4,2020-08-01,159,2
11001,4,2020-08-02,92,6
11001,4,2020-08-03,156,4
11001,4,2020-08-04,156,6
11001,4,2020-08-05,135,4
11001,4,2020-08-06,114,6
11001,4,2020-08-07,110,6
11001,4,2020-08-08,138,8
11001,4,2020-08-09,110,6
11001,4,2020-08-10,155,3
11001,4,2020-08-11,127,6
11001,4,2020-08-12,120,3
11001,4,2020-08-13,128,4
11001,4,2020-08-14,136,6
11001,4,2020-08-15,146,5
11001,4,2020-08-16,100,5
11001,4,2020-08-17,78,2
11001,4,2020-08-18,117,5
11001,4,2020-08-19,99,3
11001,4,2020-08-20,126,8
11001,4,2020-08-21,102,10
11001,4,2020-08-22,107,5
11001,4,2020-08-23,81,4
11001,4,2020-08-24,114,5
11001,4,2020-08-25,113,7
11001,4,2020-08-26,141,2
11001,4,2020-08-27,106,5
11001,4,2020-08-28,119,5
11001,4,2020-08-29,105,1
11001,4,2020-08-30,89,2
11001,4,2020-08-31,125,5
11001,4,2020-09-01,114,0
11001,4,2020-09-02,76,3
11001,4,2020-09-03,75,2
11001,4,2020-09-04,125,5
11001,4,2020-09-05,63,1
11001,4,2020-09-06,29,0
11001,4,2020-09-07,60,2
11001,4,2020-09-08,78,1
11001,4,2020-09-09,52,2
11001,4,2020-09-10,43,2
11001,4,2020-09-11,29,4
11001,4,2020-09-12,24,3
11001,4,2020-09-13,29,0
11001,4,2020-09-14,27,1
11001,4,2020-09-15,2,2
11001,5,2020-03-10,1,0
11001,5,2020-03-14,2,0
11001,5,2020-03-17,2,0
11001,5,2020-03-18,1,0
11001,5,2020-03-19,2,0
11001,5,2020-03-23,2,0
11001,5,2020-03-25,1,0
11001,5,2020-03-29,1,0
11001,5,2020-03-30,1,0
11001,5,2020-04-01,2,0
11001,5,2020-04-02,3,0
11001,5,2020-04-03,1,0
11001,5,2020-04-04,4,0
11001,5,2020-04-05,1,0
11001,5,2020-04-06,1,0
11001,5,2020-04-07,4,0
11001,5,2020-04-08,4,0
11001,5,2020-04-09,2,0
11001,5,2020-04-10,3,0
11001,5,2020-04-11,4,0
11001,5,2020-04-12,3,0
11001,5,2020-04-13,1,0
11001,5,2020-04-14,2,0
11001,5,2020-04-15,1,0
11001,5,2020-04-16,3,0
11001,5,2020-04-17,5,0
11001,5,2020-04-18,6,0
11001,5,2020-04-19,8,0
11001,5,2020-04-20,4,0
11001,5,2020-04-21,2,0
11001,5,2020-04-22,6,0
11001,5,2020-04-23,2,0
11001,5,2020-04-24,8,0
11001,5,2020-04-25,8,0
11001,5,2020-04-26,2,1
11001,5,2020-04-27,5,0
11001,5,2020-04-28,2,0
11001,5,2020-04-29,5,0
11001,5,2020-04-30,2,0
11001,5,2020-05-01,8,0
11001,5,2020-05-02,12,0
11001,5,2020-05-03,7,1
11001,5,2020-05-04,4,0
11001,5,2020-05-05,7,1
11001,5,2020-05-06,12,1
11001,5,2020-05-07,9,0
11001,5,2020-05-08,9,0
11001,5,2020-05-09,15,0
11001,5,2020-05-10,16,0
11001,5,2020-05-11,7,0
11001,5,2020-05-12,10,0
11001,5,2020-05-13,11,1
11001,5,2020-05-14,9,0
11001,5,2020-05-15,13,0
11001,5,2020-05-16,6,0
11001,5,2020-05-17,7,0
11001,5,2020-05-18,12,0
11001,5,2020-05-19,9,0
11001,5,2020-05-20,15,0
11001,5,2020-05-21,12,1
11001,5,2020-05-22,16,2
11001,5,2020-05-23,21,0
11001,5,2020-05-24,15,0
11001,5,2020-05-25,18,0
11001,5,2020-05-26,13,0
11001,5,2020-05-27,18,0
11001,5,2020-05-28,22,0
11001,5,2020-05-29,23,1
11001,5,2020-05-30,16,0
11001,5,2020-05-31,13,1
11001,5,2020-06-01,18,0
11001,5,2020-06-02,23,0
11001,5,2020-06-03,16,0
11001,5,2020-06-04,23,1
11001,5,2020-06-05,20,2
11001,5,2020-06-06,32,0
11001,5,2020-06-07,23,0
11001,5,2020-06-08,28,1
11001,5,2020-06-09,22,1
11001,5,2020-06-10,41,0
11001,5,2020-06-11,35,0
11001,5,2020-06-12,29,0
11001,5,2020-06-13,37,0
11001,5,2020-06-14,27,0
11001,5,2020-06-15,28,2
11001,5,2020-06-16,40,0
11001,5,2020-06-17,30,0
11001,5,2020-06-18,66,0
11001,5,2020-06-19,59,0
11001,5,2020-06-20,124,1
11001,5,2020-06-21,44,1
11001,5,2020-06-22,44,0
11001,5,2020-06-23,95,2
11001,5,2020-06-24,55,0
11001,5,2020-06-25,83,2
11001,5,2020-06-26,94,2
11001,5,2020-06-27,68,1
11001,5,2020-06-28,81,3
11001,5,2020-06-29,55,0
11001,5,2020-06-30,85,2
11001,5,2020-07-01,131,3
11001,5,2020-07-02,95,0
11001,5,2020-07-03,93,1
11001,5,2020-07-04,131,1
11001,5,2020-07-05,129,1
11001,5,2020-07-06,127,2
11001,5,2020-07-07,106,1
11001,5,2020-07-08,129,2
11001,5,2020-07-09,144,3
11001,5,2020-07-10,177,1
11001,5,2020-07-11,159,3
11001,5,2020-07-12,97,4
11001,5,2020-07-13,141,4
11001,5,2020-07-14,142,1
11001,5,2020-07-15,142,3
11001,5,2020-07-16,120,0
11001,5,2020-07-17,149,7
11001,5,2020-07-18,156,2
11001,5,2020-07-19,116,4
11001,5,2020-07-20,139,3
11001,5,2020-07-21,145,5
11001,5,2020-07-22,140,3
11001,5,2020-07-23,136,9
11001,5,2020-07-24,157,2
11001,5,2020-07-25,183,2
11001,5,2020-07-26,130,5
11001,5,2020-07-27,183,4
11001,5,2020-07-28,147,5
11001,5,2020-07-29,162,1
11001,5,2020-07-30,123,7
11001,5,2020-07-31,121,7
11001,5,2020-08-01,181,6
11001,5,2020-08-02,93,3
11001,5,2020-08-03,138,4
11001,5,2020-08-04,122,7
11001,5,2020-08-05,158,4
11001,5,2020-08-06,109,2
11001,5,2020-08-07,82,8
11001,5,2020-08-08,140,5
11001,5,2020-08-09,78,2
11001,5,2020-08-10,131,7
11001,5,2020-08-11,116,3
11001,5,2020-08-12,150,4
11001,5,2020-08-13,101,5
11001,5,2020-08-14,135,3
11001,5,2020-08-15,114,3
11001,5,2020-08-16,72,3
11001,5,2020-08-17,110,4
11001,5,2020-08-18,152,3
11001,5,2020-08-19,94,5
11001,5,2020-08-20,81,3
11001,5,2020-08-21,144,5
11001,5,2020-08-22,93,3
11001,5,2020-08-23,82,4
11001,5,2020-08-24,102,2
11001,5,2020-08-25,97,2
11001,5,2020-08-26,120,7
11001,5,2020-08-27,85,2
11001,5,2020-08-28,102,1
11001,5,2020-08-29,55,2
11001,5,2020-08-30,79,2
11001,5,2020-08-31,68,1
11001,5,2020-09-01,130,2
11001,5,2020-09-02,56,2
11001,5,2020-09-03,59,4
11001,5,2020-09-04,69,4
11001,5,2020-09-05,77,4
11001,5,2020-09-06,61,2
11001,5,2020-09-07,45,1
11001,5,2020-09-08,57,2
11001,5,2020-09-09,43,4
11001,5,2020-09-10,63,2
11001,5,2020-09-11,26,3
11001,5,2020-09-12,12,1
11001,5,2020-09-13,9,4
11001,5,2020-09-14,11,2
11001,6,2020-03-12,1,0
11001,6,2020-03-14,1,0
11001,6,2020-03-16,4,0
11001,6,2020-03-18,2,0
11001,6,2020-03-19,2,0
11001,6,2020-03-20,2,0
11001,6,2020-03-22,1,0
11001,6,2020-03-23,1,0
11001,6,2020-03-24,2,0
11001,6,2020-03-25,1,0
11001,6,2020-03-27,1,0
11001,6,2020-03-28,1,0
11001,6,2020-03-29,2,0
11001,6,2020-03-30,1,0
11001,6,2020-03-31,2,0
11001,6,2020-04-01,3,0
11001,6,2020-04-02,2,0
11001,6,2020-04-03,2,1
11001,6,2020-04-04,5,0
11001,6,2020-04-05,1,0
11001,6,2020-04-06,3,0
11001,6,2020-04-07,2,0
11001,6,2020-04-08,2,0
11001,6,2020-04-10,4,0
11001,6,2020-04-13,1,0
11001,6,2020-04-14,1,1
11001,6,2020-04-15,4,0
11001,6,2020-04-16,5,0
11001,6,2020-04-17,3,0
11001,6,2020-04-19,3,0
11001,6,2020-04-20,2,0
11001,6,2020-04-22,1,0
11001,6,2020-04-24,5,0
11001,6,2020-04-25,1,0
11001,6,2020-04-26,1,1
11001,6,2020-04-27,5,0
11001,6,2020-04-28,1,0
11001,6,2020-04-29,3,0
11001,6,2020-04-30,4,0
11001,6,2020-05-01,3,0
11001,6,2020-05-02,5,0
11001,6,2020-05-03,3,0
11001,6,2020-05-04,1,0
11001,6,2020-05-05,3,0
11001,6,2020-05-06,2,0
11001,6,2020-05-07,4,0
11001,6,2020-05-08,1,0
11001,6,2020-05-09,9,1
11001,6,2020-05-10,4,0
11001,6,2020-05-11,8,0
11001,6,2020-05-12,1,0
11001,6,2020-05-13,6,0
11001,6,2020-05-14,2,0
11001,6,2020-05-15,4,0
11001,6,2020-05-16,6,1
11001,6,2020-05-17,9,0
11001,6,2020-05-18,9,0
11001,6,2020-05-19,11,0
11001,6,2020-05-20,9,0
11001,6,2020-05-21,12,0
11001,6,2020-05-22,5,1
11001,6,2020-05-23,5,0
11001,6,2020-05-24,9,0
11001,6,2020-05-25,5,0
11001,6,2020-05-26,11,0
11001,6,2020-05-27,5,0
11001,6,2020-05-28,7,0
11001,6,2020-05-29,5,1
11001,6,2020-05-30,9,0
11001,6,2020-05-31,9,0
11001,6,2020-06-01,11,1
11001,6,2020-06-02,11,1
11001,6,2020-06-03,18,0
11001,6,2020-06-04,7,0
11001,6,2020-06-05,14,0
11001,6,2020-06-06,17,0
11001,6,2020-06-07,12,0
11001,6,2020-06-08,16,1
11001,6,2020-06-09,26,1
11001,6,2020-06-10,15,1
11001,6,2020-06-11,12,0
11001,6,2020-06-12,21,0
11001,6,2020-06-13,17,0
11001,6,2020-06-14,18,1
11001,6,2020-06-15,28,1
11001,6,2020-06-16,35,1
11001,6,2020-06-17,19,2
11001,6,2020-06-18,36,1
11001,6,2020-06-19,47,0
11001,6,2020-06-20,47,1
11001,6,2020-06-21,27,1
11001,6,2020-06-22,48,1
11001,6,2020-06-23,35,0
11001,6,2020-06-24,93,1
11001,6,2020-06-25,64,2
11001,6,2020-06-26,48,1
11001,6,2020-06-27,50,1
11001,6,2020-06-28,63,1
11001,6,2020-06-29,35,0
11001,6,2020-06-30,63,1
11001,6,2020-07-01,110,0
11001,6,2020-07-02,96,1
11001,6,2020-07-03,71,1
11001,6,2020-07-04,61,1
11001,6,2020-07-05,92,3
11001,6,2020-07-06,100,3
11001,6,2020-07-07,69,0
11001,6,2020-07-08,103,4
11001,6,2020-07-09,113,3
11001,6,2020-07-10,119,2
11001,6,2020-07-11,89,3
11001,6,2020-07-12,82,3
11001,6,2020-07-13,90,3
11001,6,2020-07-14,104,4
11001,6,2020-07-15,112,2
11001,6,2020-07-16,135,3
11001,6,2020-07-17,141,2
11001,6,2020-07-18,128,2
11001,6,2020-07-19,131,3
11001,6,2020-07-20,84,10
11001,6,2020-07-21,111,1
11001,6,2020-07-22,81,3
11001,6,2020-07-23,96,3
11001,6,2020-07-24,96,7
11001,6,2020-07-25,101,4
11001,6,2020-07-26,86,7
11001,6,2020-07-27,100,3
11001,6,2020-07-28,79,5
11001,6,2020-07-29,96,7
11001,6,2020-07-30,63,2
11001,6,2020-07-31,89,2
11001,6,2020-08-01,95,2
11001,6,2020-08-02,73,3
11001,6,2020-08-03,62,3
11001,6,2020-08-04,63,4
11001,6,2020-08-05,68,5
11001,6,2020-08-06,89,4
11001,6,2020-08-07,53,2
11001,6,2020-08-08,77,4
11001,6,2020-08-09,50,5
11001,6,2020-08-10,62,3
11001,6,2020-08-11,82,3
11001,6,2020-08-12,91,3
11001,6,2020-08-13,51,4
11001,6,2020-08-14,52,4
11001,6,2020-08-15,71,2
11001,6,2020-08-16,46,2
11001,6,2020-08-17,33,0
11001,6,2020-08-18,65,5
11001,6,2020-08-19,72,2
11001,6,2020-08-20,79,5
11001,6,2020-08-21,57,1
11001,6,2020-08-22,41,0
11001,6,2020-08-23,33,1
11001,6,2020-08-24,52,1
11001,6,2020-08-25,53,5
11001,6,2020-08-26,67,2
11001,6,2020-08-27,46,3
11001,6,2020-08-28,37,2
11001,6,2020-08-29,28,1
11001,6,2020-08-30,29,1
11001,6,2020-08-31,44,3
11001,6,2020-09-01,47,2
11001,6,2020-09-02,54,0
11001,6,2020-09-03,34,3
11001,6,2020-09-04,70,2
11001,6,2020-09-05,24,0
11001,6,2020-09-06,32,1
11001,6,2020-09-07,20,4
11001,6,2020-09-08,39,1
11001,6,2020-09-09,19,0
11001,6,2020-09-10,44,4
11001,6,2020-09-11,14,1
11001,6,2020-09-12,8,1
11001,6,2020-09-13,1,0
11001,6,2020-09-14,9,3
11001,7,2020-03-06,1,0
11001,7,2020-03-08,1,0
11001,7,2020-03-10,1,0
11001,7,2020-03-11,1,0
11001,7,2020-03-13,2,0
11001,7,2020-03-14,1,0
11001,7,2020-03-16,1,0
11001,7,2020-03-17,4,0
11001,7,2020-03-18,1,0
11001,7,2020-03-19,2,0
11001,7,2020-03-20,6,0
11001,7,2020-03-22,6,0
11001,7,2020-03-23,3,0
11001,7,2020-03-24,3,0
11001,7,2020-03-25,4,0
11001,7,2020-03-26,8,0
11001,7,2020-03-27,8,0
11001,7,2020-03-28,3,0
11001,7,2020-03-29,5,0
11001,7,2020-03-30,3,1
11001,7,2020-03-31,2,0
11001,7,2020-04-01,7,0
11001,7,2020-04-02,7,0
11001,7,2020-04-03,9,0
11001,7,2020-04-04,6,1
11001,7,2020-04-05,5,0
11001,7,2020-04-06,5,0
11001,7,2020-04-07,4,0
11001,7,2020-04-08,7,0
11001,7,2020-04-09,12,0
11001,7,2020-04-10,6,0
11001,7,2020-04-11,8,0
11001,7,2020-04-12,7,0
11001,7,2020-04-13,8,0
11001,7,2020-04-14,4,0
11001,7,2020-04-15,6,0
11001,7,2020-04-16,2,0
11001,7,2020-04-17,4,1
11001,7,2020-04-18,9,0
11001,7,2020-04-19,13,0
11001,7,2020-04-20,17,0
11001,7,2020-04-21,11,0
11001,7,2020-04-22,10,0
11001,7,2020-04-23,12,0
11001,7,2020-04-24,9,1
11001,7,2020-04-25,19,0
11001,7,2020-04-26,28,1
11001,7,2020-04-27,9,0
11001,7,2020-04-28,12,0
11001,7,2020-04-29,10,0
11001,7,2020-04-30,7,0
11001,7,2020-05-01,28,1
11001,7,2020-05-02,12,1
11001,7,2020-05-03,18,0
11001,7,2020-05-04,16,0
11001,7,2020-05-05,23,0
11001,7,2020-05-06,28,0
11001,7,2020-05-07,25,0
11001,7,2020-05-08,20,0
11001,7,2020-05-09,11,0
11001,7,2020-05-10,27,1
11001,7,2020-05-11,32,1
11001,7,2020-05-12,29,0
11001,7,2020-05-13,34,0
11001,7,2020-05-14,34,1
11001,7,2020-05-15,36,0
11001,7,2020-05-16,26,0
11001,7,2020-05-17,33,0
11001,7,2020-05-18,39,0
11001,7,2020-05-19,38,1
11001,7,2020-05-20,64,1
11001,7,2020-05-21,30,0
11001,7,2020-05-22,37,0
11001,7,2020-05-23,46,1
11001,7,2020-05-24,43,1
11001,7,2020-05-25,46,0
11001,7,2020-05-26,41,2
11001,7,2020-05-27,38,1
11001,7,2020-05-28,50,1
11001,7,2020-05-29,50,0
11001,7,2020-05-30,41,0
11001,7,2020-05-31,55,2
11001,7,2020-06-01,105,1
11001,7,2020-06-02,70,0
11001,7,2020-06-03,61,1
11001,7,2020-06-04,73,1
11001,7,2020-06-05,74,1
11001,7,2020-06-06,82,1
11001,7,2020-06-07,62,0
11001,7,2020-06-08,68,0
11001,7,2020-06-09,67,2
11001,7,2020-06-10,110,0
11001,7,2020-06-11,86,1
11001,7,2020-06-12,123,1
11001,7,2020-06-13,97,0
11001,7,2020-06-14,72,3
11001,7,2020-06-15,82,1
11001,7,2020-06-16,118,1
11001,7,2020-06-17,124,2
11001,7,2020-06-18,145,2
11001,7,2020-06-19,124,1
11001,7,2020-06-20,189,3
11001,7,2020-06-21,127,1
11001,7,2020-06-22,126,1
11001,7,2020-06-23,142,2
11001,7,2020-06-24,181,4
11001,7,2020-06-25,155,1
11001,7,2020-06-26,231,0
11001,7,2020-06-27,252,2
11001,7,2020-06-28,280,5
11001,7,2020-06-29,168,1
11001,7,2020-06-30,186,3
11001,7,2020-07-01,235,3
11001,7,2020-07-02,180,5
11001,7,2020-07-03,274,6
11001,7,2020-07-04,260,1
11001,7,2020-07-05,208,2
11001,7,2020-07-06,224,3
11001,7,2020-07-07,205,0
11001,7,2020-07-08,182,0
11001,7,2020-07-09,161,1
11001,7,2020-07-10,260,4
11001,7,2020-07-11,204,9
11001,7,2020-07-12,258,2
11001,7,2020-07-13,267,5
11001,7,2020-07-14,224,4
11001,7,2020-07-15,279,4
11001,7,2020-07-16,249,4
11001,7,2020-07-17,218,9
11001,7,2020-07-18,235,6
11001,7,2020-07-19,179,5
11001,7,2020-07-20,248,5
11001,7,2020-07-21,281,10
11001,7,2020-07-22,236,2
11001,7,2020-07-23,283,8
11001,7,2020-07-24,328,11
11001,7,2020-07-25,226,5
11001,7,2020-07-26,181,10
11001,7,2020-07-27,356,6
11001,7,2020-07-28,320,6
11001,7,2020-07-29,288,8
11001,7,2020-07-30,279,9
11001,7,2020-07-31,262,6
11001,7,2020-08-01,378,8
11001,7,2020-08-02,236,5
11001,7,2020-08-03,341,9
11001,7,2020-08-04,275,8
11001,7,2020-08-05,244,8
11001,7,2020-08-06,255,6
11001,7,2020-08-07,232,10
11001,7,2020-08-08,237,7
11001,7,2020-08-09,200,6
11001,7,2020-08-10,285,9
11001,7,2020-08-11,244,9
11001,7,2020-08-12,285,5
11001,7,2020-08-13,212,7
11001,7,2020-08-14,273,5
11001,7,2020-08-15,214,7
11001,7,2020-08-16,181,3
11001,7,2020-08-17,243,6
11001,7,2020-08-18,236,5
11001,7,2020-08-19,215,7
11001,7,2020-08-20,224,8
11001,7,2020-08-21,191,6
11001,7,2020-08-22,186,8
11001,7,2020-08-23,238,4
11001,7,2020-08-24,220,3
11001,7,2020-08-25,245,10
11001,7,2020-08-26,218,4
11001,7,2020-08-27,214,7
11001,7,2020-08-28,147,1
11001,7,2020-08-29,153,5
11001,7,2020-08-30,143,4
11001,7,2020-08-31,176,3
11001,7,2020-09-01,164,3
11001,7,2020-09-02,116,1
11001,7,2020-09-03,121,5
11001,7,2020-09-04,166,7
11001,7,2020-09-05,140,3
11001,7,2020-09-06,102,8
11001,7,2020-09-07,85,2
11001,7,2020-09-08,89,5
11001,7,2020-09-09,96,3
11001,7,2020-09-10,113,1
11001,7,2020-09-11,58,1
11001,7,2020-09-12,30,4
11001,7,2020-09-13,14,1
11001,7,2020-09-14,23,4
11001,7,2020-09-15,1,3
11001,8,2020-03-01,1,0
11001,8,2020-03-04,1,0
11001,8,2020-03-06,2,0
11001,8,2020-03-07,1,0
11001,8,2020-03-10,1,0
11001,8,2020-03-11,2,0
11001,8,2020-03-14,5,0
11001,8,2020-03-15,5,0
11001,8,2020-03-16,7,0
11001,8,2020-03-17,8,0
11001,8,2020-03-18,2,0
11001,8,2020-03-19,8,0
11001,8,2020-03-20,11,0
11001,8,2020-03-21,7,0
11001,8,2020-03-22,5,0
11001,8,2020-03-23,8,0
11001,8,2020-03-24,5,0
11001,8,2020-03-25,11,1
11001,8,2020-03-26,12,0
11001,8,2020-03-27,9,0
11001,8,2020-03-28,17,0
11001,8,2020-03-29,11,0
11001,8,2020-03-30,8,1
11001,8,2020-03-31,5,1
11001,8,2020-04-01,22,1
11001,8,2020-04-02,6,2
11001,8,2020-04-03,9,0
11001,8,2020-04-04,12,2
11001,8,2020-04-05,12,2
11001,8,2020-04-06,19,0
11001,8,2020-04-07,11,1
11001,8,2020-04-08,4,1
11001,8,2020-04-09,13,1
11001,8,2020-04-10,22,0
11001,8,2020-04-11,12,0
11001,8,2020-04-12,11,0
11001,8,2020-04-13,19,0
11001,8,2020-04-14,12,1
11001,8,2020-04-15,27,1
11001,8,2020-04-16,71,2
11001,8,2020-04-17,18,0
11001,8,2020-04-18,40,1
11001,8,2020-04-19,15,0
11001,8,2020-04-20,31,0
11001,8,2020-04-21,19,2
11001,8,2020-04-22,11,0
11001,8,2020-04-23,33,0
11001,8,2020-04-24,19,2
11001,8,2020-04-25,33,0
11001,8,2020-04-26,29,0
11001,8,2020-04-27,25,2
11001,8,2020-04-28,48,0
11001,8,2020-04-29,35,0
11001,8,2020-04-30,23,1
11001,8,2020-05-01,91,0
11001,8,2020-05-02,56,1
11001,8,2020-05-03,51,1
11001,8,2020-05-04,49,2
11001,8,2020-05-05,78,0
11001,8,2020-05-06,53,4
11001,8,2020-05-07,55,1
11001,8,2020-05-08,75,1
11001,8,2020-05-09,81,1
11001,8,2020-05-10,93,3
11001,8,2020-05-11,90,1
11001,8,2020-05-12,99,0
11001,8,2020-05-13,90,1
11001,8,2020-05-14,102,1
11001,8,2020-05-15,86,3
11001,8,2020-05-16,82,1
11001,8,2020-05-17,103,2
11001,8,2020-05-18,103,2
11001,8,2020-05-19,104,0
11001,8,2020-05-20,133,2
11001,8,2020-05-21,90,3
11001,8,2020-05-22,83,2
11001,8,2020-05-23,96,2
11001,8,2020-05-24,91,0
11001,8,2020-05-25,119,1
11001,8,2020-05-26,116,1
11001,8,2020-05-27,83,4
11001,8,2020-05-28,92,1
11001,8,2020-05-29,114,3
11001,8,2020-05-30,120,3
11001,8,2020-05-31,113,2
11001,8,2020-06-01,192,4
11001,8,2020-06-02,158,0
11001,8,2020-06-03,122,2
11001,8,2020-06-04,104,1
11001,8,2020-06-05,142,3
11001,8,2020-06-06,143,2
11001,8,2020-06-07,117,2
11001,8,2020-06-08,185,4
11001,8,2020-06-09,156,2
11001,8,2020-06-10,269,1
11001,8,2020-06-11,237,2
11001,8,2020-06-12,218,2
11001,8,2020-06-13,128,4
11001,8,2020-06-14,96,2
11001,8,2020-06-15,130,2
11001,8,2020-06-16,115,1
11001,8,2020-06-17,138,4
11001,8,2020-06-18,160,1
11001,8,2020-06-19,131,3
11001,8,2020-06-20,187,3
11001,8,2020-06-21,149,4
11001,8,2020-06-22,137,5
11001,8,2020-06-23,204,3
11001,8,2020-06-24,161,7
11001,8,2020-06-25,226,3
11001,8,2020-06-26,328,3
11001,8,2020-06-27,229,5
11001,8,2020-06-28,190,3
11001,8,2020-06-29,200,6
11001,8,2020-06-30,276,3
11001,8,2020-07-01,358,2
11001,8,2020-07-02,275,5
11001,8,2020-07-03,299,2
11001,8,2020-07-04,329,2
11001,8,2020-07-05,274,2
11001,8,2020-07-06,377,7
11001,8,2020-07-07,311,7
11001,8,2020-07-08,317,4
11001,8,2020-07-09,359,13
11001,8,2020-07-10,431,8
11001,8,2020-07-11,301,10
11001,8,2020-07-12,378,5
11001,8,2020-07-13,334,10
11001,8,2020-07-14,393,6
11001,8,2020-07-15,412,8
11001,8,2020-07-16,358,6
11001,8,2020-07-17,450,8
11001,8,2020-07-18,404,17
11001,8,2020-07-19,286,6
11001,8,2020-07-20,390,8
11001,8,2020-07-21,408,17
11001,8,2020-07-22,465,11
11001,8,2020-07-23,411,7
11001,8,2020-07-24,444,9
11001,8,2020-07-25,389,8
11001,8,2020-07-26,273,17
11001,8,2020-07-27,479,14
11001,8,2020-07-28,449,9
11001,8,2020-07-29,408,18
11001,8,2020-07-30,421,15
11001,8,2020-07-31,434,13
11001,8,2020-08-01,489,12
11001,8,2020-08-02,323,9
11001,8,2020-08-03,418,14
11001,8,2020-08-04,408,19
11001,8,2020-08-05,370,12
11001,8,2020-08-06,369,10
11001,8,2020-08-07,277,16
11001,8,2020-08-08,362,15
11001,8,2020-08-09,256,6
11001,8,2020-08-10,507,12
11001,8,2020-08-11,392,11
11001,8,2020-08-12,427,11
11001,8,2020-08-13,415,5
11001,8,2020-08-14,376,14
11001,8,2020-08-15,296,4
11001,8,2020-08-16,252,14
11001,8,2020-08-17,283,5
11001,8,2020-08-18,347,17
11001,8,2020-08-19,294,10
11001,8,2020-08-20,315,8
11001,8,2020-08-21,330,6
11001,8,2020-08-22,340,15
11001,8,2020-08-23,259,7
11001,8,2020-08-24,287,12
11001,8,2020-08-25,314,13
11001,8,2020-08-26,296,10
11001,8,2020-08-27,243,12
11001,8,2020-08-28,286,7
11001,8,2020-08-29,207,7
11001,8,2020-08-30,194,9
11001,8,2020-08-31,228,4
11001,8,2020-09-01,240,5
11001,8,2020-09-02,151,4
11001,8,2020-09-03,150,4
11001,8,2020-09-04,325,11
11001,8,2020-09-05,146,4
11001,8,2020-09-06,127,5
11001,8,2020-09-07,146,10
11001,8,2020-09-08,73,4
11001,8,2020-09-09,109,2
11001,8,2020-09-10,116,4
11001,8,2020-09-11,60,8
11001,8,2020-09-12,37,4
11001,8,2020-09-13,9,3
11001,8,2020-09-14,30,5
11001,9,2020-03-06,1,0
11001,9,2020-03-07,1,0
11001,9,2020-03-08,1,0
11001,9,2020-03-13,2,0
11001,9,2020-03-14,1,0
11001,9,2020-03-15,11,0
11001,9,2020-03-16,7,0
11001,9,2020-03-17,5,0
11001,9,2020-03-18,5,0
11001,9,2020-03-19,3,0
11001,9,2020-03-20,7,0
11001,9,2020-03-21,12,0
11001,9,2020-03-22,2,0
11001,9,2020-03-23,5,0
11001,9,2020-03-24,3,0
11001,9,2020-03-25,6,0
11001,9,2020-03-26,2,0
11001,9,2020-03-27,4,0
11001,9,2020-03-28,5,0
11001,9,2020-03-29,7,0
11001,9,2020-03-30,3,0
11001,9,2020-03-31,5,0
11001,9,2020-04-01,3,0
11001,9,2020-04-02,3,0
11001,9,2020-04-03,5,0
11001,9,2020-04-04,3,0
11001,9,2020-04-05,3,0
11001,9,2020-04-06,3,0
11001,9,2020-04-07,1,1
11001,9,2020-04-08,3,0
11001,9,2020-04-09,3,0
11001,9,2020-04-10,1,0
11001,9,2020-04-11,4,2
11001,9,2020-04-12,3,0
11001,9,2020-04-13,3,0
11001,9,2020-04-14,1,0
11001,9,2020-04-15,8,0
11001,9,2020-04-16,2,0
11001,9,2020-04-17,5,1
11001,9,2020-04-18,6,0
11001,9,2020-04-19,5,0
11001,9,2020-04-20,10,0
11001,9,2020-04-21,7,0
11001,9,2020-04-22,4,0
11001,9,2020-04-23,4,0
11001,9,2020-04-24,8,0
11001,9,2020-04-25,6,0
11001,9,2020-04-26,2,0
11001,9,2020-04-27,4,0
11001,9,2020-04-28,3,1
11001,9,2020-04-29,11,0
11001,9,2020-04-30,6,0
11001,9,2020-05-01,7,0
11001,9,2020-05-02,9,0
11001,9,2020-05-03,7,0
11001,9,2020-05-04,14,0
11001,9,2020-05-05,8,0
11001,9,2020-05-06,10,0
11001,9,2020-05-07,7,0
11001,9,2020-05-08,6,0
11001,9,2020-05-09,12,0
11001,9,2020-05-10,21,0
11001,9,2020-05-11,13,1
11001,9,2020-05-12,12,0
11001,9,2020-05-13,12,0
11001,9,2020-05-14,11,0
11001,9,2020-05-15,15,1
11001,9,2020-05-16,9,0
11001,9,2020-05-17,18,0
11001,9,2020-05-18,15,0
11001,9,2020-05-19,12,1
11001,9,2020-05-20,16,0
11001,9,2020-05-21,12,0
11001,9,2020-05-22,19,1
11001,9,2020-05-23,19,1
11001,9,2020-05-24,19,0
11001,9,2020-05-25,20,0
11001,9,2020-05-26,14,0
11001,9,2020-05-27,30,0
11001,9,2020-05-28,21,0
11001,9,2020-05-29,33,0
11001,9,2020-05-30,12,0
11001,9,2020-05-31,15,0
11001,9,2020-06-01,21,0
11001,9,2020-06-02,22,0
11001,9,2020-06-03,19,0
11001,9,2020-06-04,17,1
11001,9,2020-06-05,25,1
11001,9,2020-06-06,24,1
11001,9,2020-06-07,24,0
11001,9,2020-06-08,36,0
11001,9,2020-06-09,19,0
11001,9,2020-06-10,47,0
11001,9,2020-06-11,39,1
11001,9,2020-06-12,20,0
11001,9,2020-06-13,26,0
11001,9,2020-06-14,33,0
11001,9,2020-06-15,37,1
11001,9,2020-06-16,50,2
11001,9,2020-06-17,46,0
11001,9,2020-06-18,46,0
11001,9,2020-06-19,44,2
11001,9,2020-06-20,59,0
11001,9,2020-06-21,54,0
11001,9,2020-06-22,64,1
11001,9,2020-06-23,54,1
11001,9,2020-06-24,70,0
11001,9,2020-06-25,84,0
11001,9,2020-06-26,79,2
11001,9,2020-06-27,62,1
11001,9,2020-06-28,68,0
11001,9,2020-06-29,49,1
11001,9,2020-06-30,77,1
11001,9,2020-07-01,95,2
11001,9,2020-07-02,77,0
11001,9,2020-07-03,106,0
11001,9,2020-07-04,83,1
11001,9,2020-07-05,64,1
11001,9,2020-07-06,101,1
11001,9,2020-07-07,134,2
11001,9,2020-07-08,96,1
11001,9,2020-07-09,97,1
11001,9,2020-07-10,152,5
11001,9,2020-07-11,124,1
11001,9,2020-07-12,101,5
11001,9,2020-07-13,129,1
11001,9,2020-07-14,155,2
11001,9,2020-07-15,142,3
11001,9,2020-07-16,124,3
11001,9,2020-07-17,126,2
11001,9,2020-07-18,131,1
11001,9,2020-07-19,117,3
11001,9,2020-07-20,117,4
11001,9,2020-07-21,133,5
11001,9,2020-07-22,149,6
11001,9,2020-07-23,132,5
11001,9,2020-07-24,159,4
11001,9,2020-07-25,153,4
11001,9,2020-07-26,111,3
11001,9,2020-07-27,177,4
11001,9,2020-07-28,160,6
11001,9,2020-07-29,154,6
11001,9,2020-07-30,179,4
11001,9,2020-07-31,149,5
11001,9,2020-08-01,175,1
11001,9,2020-08-02,126,4
11001,9,2020-08-03,162,5
11001,9,2020-08-04,173,8
11001,9,2020-08-05,156,6
11001,9,2020-08-06,134,4
11001,9,2020-08-07,95,4
11001,9,2020-08-08,113,8
11001,9,2020-08-09,111,4
11001,9,2020-08-10,149,2
11001,9,2020-08-11,113,2
11001,9,2020-08-12,170,5
11001,9,2020-08-13,125,4
11001,9,2020-08-14,146,1
11001,9,2020-08-15,106,2
11001,9,2020-08-16,87,5
11001,9,2020-08-17,70,6
11001,9,2020-08-18,84,3
11001,9,2020-08-19,73,4
11001,9,2020-08-20,102,1
11001,9,2020-08-21,113,8
11001,9,2020-08-22,83,2
11001,9,2020-08-23,85,3
11001,9,2020-08-24,90,0
11001,9,2020-08-25,90,3
11001,9,2020-08-26,86,2
11001,9,2020-08-27,86,4
11001,9,2020-08-28,64,3
11001,9,2020-08-29,71,8
11001,9,2020-08-30,57,4
11001,9,2020-08-31,94,4
11001,9,2020-09-01,63,2
11001,9,2020-09-02,87,1
11001,9,2020-09-03,70,3
11001,9,2020-09-04,62,4
11001,9,2020-09-05,60,0
11001,9,2020-09-06,33,0
11001,9,2020-09-07,52,1
11001,9,2020-09-08,45,1
11001,9,2020-09-09,42,0
11001,9,2020-09-10,45,2
11001,9,2020-09-11,37,4
11001,9,2020-09-12,24,1
11001,9,2020-09-13,4,2
11001,9,2020-09-14,4,1
11001,10,2020-03-01,1,0
11001,10,2020-03-02,1,0
11001,10,2020-03-04,1,0
11001,10,2020-03-07,1,0
11001,10,2020-03-10,1,0
11001,10,2020-03-11,2,0
11001,10,2020-03-12,2,0
11001,10,2020-03-13,5,0
11001,10,2020-03-14,1,0
11001,10,2020-03-15,6,0
11001,10,2020-03-16,7,0
11001,10,2020-03-17,6,0
11001,10,2020-03-18,6,0
11001,10,2020-03-19,9,0
11001,10,2020-03-20,16,0
11001,10,2020-03-21,14,0
11001,10,2020-03-22,7,0
11001,10,2020-03-23,6,0
11001,10,2020-03-24,10,0
11001,10,2020-03-25,16,0
11001,10,2020-03-26,9,0
11001,10,2020-03-27,12,0
11001,10,2020-03-28,9,0
11001,10,2020-03-29,7,0
11001,10,2020-03-30,9,0
11001,10,2020-03-31,3,0
11001,10,2020-04-01,8,0
11001,10,2020-04-02,4,0
11001,10,2020-04-03,6,0
11001,10,2020-04-04,5,1
11001,10,2020-04-05,12,2
11001,10,2020-04-06,3,1
11001,10,2020-04-07,6,1
11001,10,2020-04-08,15,0
11001,10,2020-04-09,7,0
11001,10,2020-04-10,13,0
11001,10,2020-04-11,3,1
11001,10,2020-04-12,13,1
11001,10,2020-04-13,1,1
11001,10,2020-04-14,12,2
11001,10,2020-04-15,7,0
11001,10,2020-04-16,8,0
11001,10,2020-04-17,5,0
11001,10,2020-04-18,11,0
11001,10,2020-04-19,5,0
11001,10,2020-04-20,21,1
11001,10,2020-04-21,4,1
11001,10,2020-04-22,5,0
11001,10,2020-04-23,2,1
11001,10,2020-04-24,5,1
11001,10,2020-04-25,1,0
11001,10,2020-04-26,4,0
11001,10,2020-04-27,2,1
11001,10,2020-04-28,8,1
11001,10,2020-04-29,8,0
11001,10,2020-04-30,5,0
11001,10,2020-05-01,18,0
11001,10,2020-05-02,19,0
11001,10,2020-05-03,4,0
11001,10,2020-05-04,8,0
11001,10,2020-05-05,10,0
11001,10,2020-05-06,9,0
11001,10,2020-05-07,14,1
11001,10,2020-05-08,13,0
11001,10,2020-05-09,12,2
11001,10,2020-05-10,15,0
11001,10,2020-05-11,14,0
11001,10,2020-05-12,14,0
11001,10,2020-05-13,16,0
11001,10,2020-05-14,16,0
11001,10,2020-05-15,15,0
11001,10,2020-05-16,11,0
11001,10,2020-05-17,21,0
11001,10,2020-05-18,24,0
11001,10,2020-05-19,19,0
11001,10,2020-05-20,33,1
11001,10,2020-05-21,14,0
11001,10,2020-05-22,20,1
11001,10,2020-05-23,30,1
11001,10,2020-05-24,25,0
11001,10,2020-05-25,37,0
11001,10,2020-05-26,29,0
11001,10,2020-05-27,33,0
11001,10,2020-05-28,28,0
11001,10,2020-05-29,29,1
11001,10,2020-05-30,31,1
11001,10,2020-05-31,26,0
11001,10,2020-06-01,43,1
11001,10,2020-06-02,55,1
11001,10,2020-06-03,35,0
11001,10,2020-06-04,37,2
11001,10,2020-06-05,45,2
11001,10,2020-06-06,39,0
11001,10,2020-06-07,44,0
11001,10,2020-06-08,46,0
11001,10,2020-06-09,49,0
11001,10,2020-06-10,60,2
11001,10,2020-06-11,47,0
11001,10,2020-06-12,68,0
11001,10,2020-06-13,48,1
11001,10,2020-06-14,40,1
11001,10,2020-06-15,68,1
11001,10,2020-06-16,72,0
11001,10,2020-06-17,101,2
11001,10,2020-06-18,104,0
11001,10,2020-06-19,108,1
11001,10,2020-06-20,134,0
11001,10,2020-06-21,99,1
11001,10,2020-06-22,115,0
11001,10,2020-06-23,140,1
11001,10,2020-06-24,126,0
11001,10,2020-06-25,169,0
11001,10,2020-06-26,165,1
11001,10,2020-06-27,171,0
11001,10,2020-06-28,178,2
11001,10,2020-06-29,160,3
11001,10,2020-06-30,185,2
11001,10,2020-07-01,212,2
11001,10,2020-07-02,220,2
11001,10,2020-07-03,280,5
11001,10,2020-07-04,257,2
11001,10,2020-07-05,171,4
11001,10,2020-07-06,267,6
11001,10,2020-07-07,295,6
11001,10,2020-07-08,247,5
11001,10,2020-07-09,237,7
11001,10,2020-07-10,337,8
11001,10,2020-07-11,230,5
11001,10,2020-07-12,261,5
11001,10,2020-07-13,303,2
11001,10,2020-07-14,305,5
11001,10,2020-07-15,283,10
11001,10,2020-07-16,266,9
11001,10,2020-07-17,336,8
11001,10,2020-07-18,320,3
11001,10,2020-07-19,295,6
11001,10,2020-07-20,347,9
11001,10,2020-07-21,383,6
11001,10,2020-07-22,395,7
11001,10,2020-07-23,370,15
11001,10,2020-07-24,404,6
11001,10,2020-07-25,349,13
11001,10,2020-07-26,331,13
11001,10,2020-07-27,533,12
11001,10,2020-07-28,447,15
11001,10,2020-07-29,506,7
11001,10,2020-07-30,452,16
11001,10,2020-07-31,425,12
11001,10,2020-08-01,518,10
11001,10,2020-08-02,397,7
11001,10,2020-08-03,547,13
11001,10,2020-08-04,479,17
11001,10,2020-08-05,461,11
11001,10,2020-08-06,453,7
11001,10,2020-08-07,352,8
11001,10,2020-08-08,431,13
11001,10,2020-08-09,319,12
11001,10,2020-08-10,588,11
11001,10,2020-08-11,561,12
11001,10,2020-08-12,618,7
11001,10,2020-08-13,573,13
11001,10,2020-08-14,558,7
11001,10,2020-08-15,444,8
11001,10,2020-08-16,371,9
11001,10,2020-08-17,377,8
11001,10,2020-08-18,543,12
11001,10,2020-08-19,688,16
11001,10,2020-08-20,598,11
11001,10,2020-08-21,458,7
11001,10,2020-08-22,415,8
11001,10,2020-08-23,264,9
11001,10,2020-08-24,403,5
11001,10,2020-08-25,395,10
11001,10,2020-08-26,335,9
11001,10,2020-08-27,356,8
11001,10,2020-08-28,333,6
11001,10,2020-08-29,240,11
11001,10,2020-08-30,157,11
11001,10,2020-08-31,138,7
11001,10,2020-09-01,170,7
11001,10,2020-09-02,142,10
11001,10,2020-09-03,127,5
11001,10,2020-09-04,127,7
11001,10,2020-09-05,137,5
11001,10,2020-09-06,102,8
11001,10,2020-09-07,106,10
11001,10,2020-09-08,86,15
11001,10,2020-09-09,73,3
11001,10,2020-09-10,70,6
11001,10,2020-09-11,58,5
11001,10,2020-09-12,36,5
11001,10,2020-09-13,17,4
11001,10,2020-09-14,31,3
11001,11,2020-02-28,1,0
11001,11,2020-03-01,1,0
11001,11,2020-03-06,1,0
11001,11,2020-03-08,1,0
11001,11,2020-03-09,2,0
11001,11,2020-03-10,1,0
11001,11,2020-03-11,4,0
11001,11,2020-03-12,4,0
11001,11,2020-03-13,3,0
11001,11,2020-03-14,7,0
11001,11,2020-03-15,9,0
11001,11,2020-03-16,8,0
11001,11,2020-03-17,6,0
11001,11,2020-03-18,8,0
11001,11,2020-03-19,27,0
11001,11,2020-03-20,12,0
11001,11,2020-03-21,15,0
11001,11,2020-03-22,10,0
11001,11,2020-03-23,17,0
11001,11,2020-03-24,8,0
11001,11,2020-03-25,10,0
11001,11,2020-03-26,14,2
11001,11,2020-03-27,12,0
11001,11,2020-03-28,6,1
11001,11,2020-03-29,6,1
11001,11,2020-03-30,9,0
11001,11,2020-03-31,4,1
11001,11,2020-04-01,16,0
11001,11,2020-04-02,9,1
11001,11,2020-04-03,9,0
11001,11,2020-04-04,6,2
11001,11,2020-04-05,6,0
11001,11,2020-04-06,16,0
11001,11,2020-04-07,7,0
11001,11,2020-04-08,7,0
11001,11,2020-04-09,10,0
11001,11,2020-04-10,13,0
11001,11,2020-04-11,8,1
11001,11,2020-04-12,7,0
11001,11,2020-04-13,4,0
11001,11,2020-04-14,2,1
11001,11,2020-04-15,5,0
11001,11,2020-04-16,8,0
11001,11,2020-04-17,9,0
11001,11,2020-04-18,6,1
11001,11,2020-04-19,4,1
11001,11,2020-04-20,7,1
11001,11,2020-04-21,16,1
11001,11,2020-04-22,7,0
11001,11,2020-04-23,10,0
11001,11,2020-04-24,5,0
11001,11,2020-04-25,4,0
11001,11,2020-04-26,9,0
11001,11,2020-04-27,4,0
11001,11,2020-04-28,20,1
11001,11,2020-04-29,17,0
11001,11,2020-04-30,2,1
11001,11,2020-05-01,11,1
11001,11,2020-05-02,10,0
11001,11,2020-05-03,6,0
11001,11,2020-05-04,7,1
11001,11,2020-05-05,21,0
11001,11,2020-05-06,8,0
11001,11,2020-05-07,16,0
11001,11,2020-05-08,19,0
11001,11,2020-05-09,20,0
11001,11,2020-05-10,24,0
11001,11,2020-05-11,27,0
11001,11,2020-05-12,26,0
11001,11,2020-05-13,30,0
11001,11,2020-05-14,20,0
11001,11,2020-05-15,30,0
11001,11,2020-05-16,26,1
11001,11,2020-05-17,21,0
11001,11,2020-05-18,32,0
11001,11,2020-05-19,38,1
11001,11,2020-05-20,47,0
11001,11,2020-05-21,20,0
11001,11,2020-05-22,20,1
11001,11,2020-05-23,35,1
11001,11,2020-05-24,29,1
11001,11,2020-05-25,41,0
11001,11,2020-05-26,38,3
11001,11,2020-05-27,43,0
11001,11,2020-05-28,40,0
11001,11,2020-05-29,49,1
11001,11,2020-05-30,30,0
11001,11,2020-05-31,49,1
11001,11,2020-06-01,70,0
11001,11,2020-06-02,53,0
11001,11,2020-06-03,42,0
11001,11,2020-06-04,42,2
11001,11,2020-06-05,48,0
11001,11,2020-06-06,68,0
11001,11,2020-06-07,43,2
11001,11,2020-06-08,62,1
11001,11,2020-06-09,54,1
11001,11,2020-06-10,84,3
11001,11,2020-06-11,79,0
11001,11,2020-06-12,80,1
11001,11,2020-06-13,61,1
11001,11,2020-06-14,80,3
11001,11,2020-06-15,86,2
11001,11,2020-06-16,140,1
11001,11,2020-06-17,132,2
11001,11,2020-06-18,135,1
11001,11,2020-06-19,167,0
11001,11,2020-06-20,203,2
11001,11,2020-06-21,131,3
11001,11,2020-06-22,146,2
11001,11,2020-06-23,162,1
11001,11,2020-06-24,179,1
11001,11,2020-06-25,206,0
11001,11,2020-06-26,189,2
11001,11,2020-06-27,279,3
11001,11,2020-06-28,232,1
11001,11,2020-06-29,192,4
11001,11,2020-06-30,248,5
11001,11,2020-07-01,324,3
11001,11,2020-07-02,279,6
11001,11,2020-07-03,312,4
11001,11,2020-07-04,378,3
11001,11,2020-07-05,290,3
11001,11,2020-07-06,343,6
11001,11,2020-07-07,356,5
11001,11,2020-07-08,309,7
11001,11,2020-07-09,336,11
11001,11,2020-07-10,508,3
11001,11,2020-07-11,339,6
11001,11,2020-07-12,360,3
11001,11,2020-07-13,392,12
11001,11,2020-07-14,394,11
11001,11,2020-07-15,373,9
11001,11,2020-07-16,374,14
11001,11,2020-07-17,478,16
11001,11,2020-07-18,405,19
11001,11,2020-07-19,349,8
11001,11,2020-07-20,490,10
11001,11,2020-07-21,456,13
11001,11,2020-07-22,463,13
11001,11,2020-07-23,479,9
11001,11,2020-07-24,462,11
11001,11,2020-07-25,485,14
11001,11,2020-07-26,351,12
11001,11,2020-07-27,689,11
11001,11,2020-07-28,518,13
11001,11,2020-07-29,561,12
11001,11,2020-07-30,588,14
11001,11,2020-07-31,461,13
11001,11,2020-08-01,548,8
11001,11,2020-08-02,492,6
11001,11,2020-08-03,469,14
11001,11,2020-08-04,516,10
11001,11,2020-08-05,485,13
11001,11,2020-08-06,463,13
11001,11,2020-08-07,411,15
11001,11,2020-08-08,498,15
11001,11,2020-08-09,335,14
11001,11,2020-08-10,464,11
11001,11,2020-08-11,395,16
11001,11,2020-08-12,493,10
11001,11,2020-08-13,510,10
11001,11,2020-08-14,347,8
11001,11,2020-08-15,346,15
11001,11,2020-08-16,313,12
11001,11,2020-08-17,273,9
11001,11,2020-08-18,292,11
11001,11,2020-08-19,310,11
11001,11,2020-08-20,283,8
11001,11,2020-08-21,281,3
11001,11,2020-08-22,275,8
11001,11,2020-08-23,201,8
11001,11,2020-08-24,313,11
11001,11,2020-08-25,272,12
11001,11,2020-08-26,266,7
11001,11,2020-08-27,257,14
11001,11,2020-08-28,241,10
11001,11,2020-08-29,235,8
11001,11,2020-08-30,146,5
11001,11,2020-08-31,236,8
11001,11,2020-09-01,234,6
11001,11,2020-09-02,164,7
11001,11,2020-09-03,129,2
11001,11,2020-09-04,228,9
11001,11,2020-09-05,163,4
11001,11,2020-09-06,112,6
11001,11,2020-09-07,106,8
11001,11,2020-09-08,90,6
11001,11,2020-09-09,74,4
11001,11,2020-09-10,55,5
11001,11,2020-09-11,73,3
11001,11,2020-09-12,51,4
11001,11,2020-09-13,26,3
11001,11,2020-09-14,11,2
11001,11,2020-09-15,1,4
11001,12,2020-03-06,1,0
11001,12,2020-03-08,1,0
11001,12,2020-03-10,1,0
11001,12,2020-03-15,1,0
11001,12,2020-03-17,1,0
11001,12,2020-03-18,1,0
11001,12,2020-03-19,1,0
11001,12,2020-03-20,2,0
11001,12,2020-03-21,1,0
11001,12,2020-03-22,2,0
11001,12,2020-03-23,2,0
11001,12,2020-03-24,1,0
11001,12,2020-03-26,3,0
11001,12,2020-03-27,1,0
11001,12,2020-03-28,2,0
11001,12,2020-03-29,1,0
11001,12,2020-03-31,2,0
11001,12,2020-04-01,1,0
11001,12,2020-04-02,1,0
11001,12,2020-04-03,2,0
11001,12,2020-04-04,1,0
11001,12,2020-04-05,5,0
11001,12,2020-04-06,3,0
11001,12,2020-04-08,1,0
11001,12,2020-04-10,4,0
11001,12,2020-04-11,2,1
11001,12,2020-04-13,1,0
11001,12,2020-04-14,1,0
11001,12,2020-04-15,3,0
11001,12,2020-04-17,1,0
11001,12,2020-04-18,2,0
11001,12,2020-04-19,1,0
11001,12,2020-04-21,2,0
11001,12,2020-04-22,2,0
11001,12,2020-04-24,2,0
11001,12,2020-04-25,2,0
11001,12,2020-04-26,3,0
11001,12,2020-04-28,1,0
11001,12,2020-04-29,1,0
11001,12,2020-04-30,3,0
11001,12,2020-05-01,2,0
11001,12,2020-05-02,1,0
11001,12,2020-05-03,2,0
11001,12,2020-05-04,3,1
11001,12,2020-05-05,1,0
11001,12,2020-05-06,1,0
11001,12,2020-05-08,2,0
11001,12,2020-05-09,1,0
11001,12,2020-05-10,5,0
11001,12,2020-05-11,1,1
11001,12,2020-05-12,3,0
11001,12,2020-05-13,4,0
11001,12,2020-05-14,2,0
11001,12,2020-05-15,1,1
11001,12,2020-05-16,6,0
11001,12,2020-05-18,3,0
11001,12,2020-05-20,2,0
11001,12,2020-05-21,2,1
11001,12,2020-05-22,2,0
11001,12,2020-05-23,3,0
11001,12,2020-05-24,4,0
11001,12,2020-05-25,8,0
11001,12,2020-05-26,3,0
11001,12,2020-05-27,3,0
11001,12,2020-05-28,6,0
11001,12,2020-05-29,3,0
11001,12,2020-05-30,12,0
11001,12,2020-05-31,2,0
11001,12,2020-06-01,9,0
11001,12,2020-06-02,7,0
11001,12,2020-06-03,7,0
11001,12,2020-06-04,5,0
11001,12,2020-06-05,10,0
11001,12,2020-06-06,5,0
11001,12,2020-06-07,10,1
11001,12,2020-06-08,6,0
11001,12,2020-06-09,6,0
11001,12,2020-06-10,12,0
11001,12,2020-06-11,4,0
11001,12,2020-06-12,10,0
11001,12,2020-06-13,16,0
11001,12,2020-06-14,10,0
11001,12,2020-06-15,10,0
11001,12,2020-06-16,16,0
11001,12,2020-06-17,16,2
11001,12,2020-06-18,9,0
11001,12,2020-06-19,10,2
11001,12,2020-06-20,20,0
11001,12,2020-06-21,10,1
11001,12,2020-06-22,16,0
11001,12,2020-06-23,23,0
11001,12,2020-06-24,33,0
11001,12,2020-06-25,33,1
11001,12,2020-06-26,40,2
11001,12,2020-06-27,18,1
11001,12,2020-06-28,22,0
11001,12,2020-06-29,12,0
11001,12,2020-06-30,41,1
11001,12,2020-07-01,59,0
11001,12,2020-07-02,41,0
11001,12,2020-07-03,47,1
11001,12,2020-07-04,35,0
11001,12,2020-07-05,52,2
11001,12,2020-07-06,44,0
11001,12,2020-07-07,57,1
11001,12,2020-07-08,47,1
11001,12,2020-07-09,40,1
11001,12,2020-07-10,54,2
11001,12,2020-07-11,40,3
11001,12,2020-07-12,57,3
11001,12,2020-07-13,57,2
11001,12,2020-07-14,53,4
11001,12,2020-07-15,83,2
11001,12,2020-07-16,79,3
11001,12,2020-07-17,59,4
11001,12,2020-07-18,69,3
11001,12,2020-07-19,54,0
11001,12,2020-07-20,63,3
11001,12,2020-07-21,107,5
11001,12,2020-07-22,198,1
11001,12,2020-07-23,59,3
11001,12,2020-07-24,75,1
11001,12,2020-07-25,63,1
11001,12,2020-07-26,50,1
11001,12,2020-07-27,78,1
11001,12,2020-07-28,56,4
11001,12,2020-07-29,69,1
11001,12,2020-07-30,61,4
11001,12,2020-07-31,76,1
11001,12,2020-08-01,73,1
11001,12,2020-08-02,49,2
11001,12,2020-08-03,64,5
11001,12,2020-08-04,54,0
11001,12,2020-08-05,47,0
11001,12,2020-08-06,291,3
11001,12,2020-08-07,114,4
11001,12,2020-08-08,72,2
11001,12,2020-08-09,81,3
11001,12,2020-08-10,54,2
11001,12,2020-08-11,43,2
11001,12,2020-08-12,65,1
11001,12,2020-08-13,46,1
11001,12,2020-08-14,46,1
11001,12,2020-08-15,28,2
11001,12,2020-08-16,26,2
11001,12,2020-08-17,32,1
11001,12,2020-08-18,33,1
11001,12,2020-08-19,38,2
11001,12,2020-08-20,38,3
11001,12,2020-08-21,30,1
11001,12,2020-08-22,33,4
11001,12,2020-08-23,25,0
11001,12,2020-08-24,42,1
11001,12,2020-08-25,26,4
11001,12,2020-08-26,38,2
11001,12,2020-08-27,32,1
11001,12,2020-08-28,35,1
11001,12,2020-08-29,40,3
11001,12,2020-08-30,42,1
11001,12,2020-08-31,81,1
11001,12,2020-09-01,31,0
11001,12,2020-09-02,54,0
11001,12,2020-09-03,23,0
11001,12,2020-09-04,19,3
11001,12,2020-09-05,6,1
11001,12,2020-09-06,14,1
11001,12,2020-09-07,6,1
11001,12,2020-09-08,54,0
11001,12,2020-09-09,31,0
11001,12,2020-09-10,12,2
11001,12,2020-09-11,7,2
11001,12,2020-09-12,3,1
11001,12,2020-09-13,5,0
11001,13,2020-03-05,1,0
11001,13,2020-03-08,1,0
11001,13,2020-03-11,1,0
11001,13,2020-03-12,2,0
11001,13,2020-03-13,1,0
11001,13,2020-03-14,3,0
11001,13,2020-03-15,5,0
11001,13,2020-03-16,1,0
11001,13,2020-03-17,1,0
11001,13,2020-03-18,4,0
11001,13,2020-03-19,2,0
11001,13,2020-03-20,1,0
11001,13,2020-03-21,3,0
11001,13,2020-03-22,8,0
11001,13,2020-03-23,2,0
11001,13,2020-03-24,5,0
11001,13,2020-03-25,9,0
11001,13,2020-03-26,1,0
11001,13,2020-03-27,6,0
11001,13,2020-03-28,3,0
11001,13,2020-03-29,1,0
11001,13,2020-03-30,2,0
11001,13,2020-03-31,4,0
11001,13,2020-04-01,1,0
11001,13,2020-04-02,4,0
11001,13,2020-04-03,2,0
11001,13,2020-04-04,2,0
11001,13,2020-04-05,3,0
11001,13,2020-04-06,2,0
11001,13,2020-04-07,2,0
11001,13,2020-04-08,5,0
11001,13,2020-04-09,1,0
11001,13,2020-04-10,2,1
11001,13,2020-04-11,4,0
11001,13,2020-04-12,1,0
11001,13,2020-04-13,1,1
11001,13,2020-04-15,1,0
11001,13,2020-04-16,2,0
11001,13,2020-04-17,2,0
11001,13,2020-04-18,2,0
11001,13,2020-04-20,2,0
11001,13,2020-04-21,1,0
11001,13,2020-04-22,2,0
11001,13,2020-04-23,1,0
11001,13,2020-04-25,2,0
11001,13,2020-04-28,2,0
11001,13,2020-04-29,2,0
11001,13,2020-04-30,2,0
11001,13,2020-05-01,2,0
11001,13,2020-05-03,2,0
11001,13,2020-05-04,2,0
11001,13,2020-05-05,2,0
11001,13,2020-05-06,4,0
11001,13,2020-05-07,2,0
11001,13,2020-05-08,3,0
11001,13,2020-05-09,4,0
11001,13,2020-05-10,7,1
11001,13,2020-05-11,3,0
11001,13,2020-05-12,4,0
11001,13,2020-05-13,2,0
11001,13,2020-05-14,1,0
11001,13,2020-05-15,2,0
11001,13,2020-05-16,5,0
11001,13,2020-05-17,1,0
11001,13,2020-05-18,7,0
11001,13,2020-05-19,2,0
11001,13,2020-05-20,1,0
11001,13,2020-05-21,4,1
11001,13,2020-05-22,4,0
11001,13,2020-05-23,1,0
11001,13,2020-05-24,5,0
11001,13,2020-05-25,7,0
11001,13,2020-05-26,3,0
11001,13,2020-05-27,3,0
11001,13,2020-05-28,8,0
11001,13,2020-05-29,4,1
11001,13,2020-05-30,4,0
11001,13,2020-05-31,6,0
11001,13,2020-06-01,11,0
11001,13,2020-06-02,8,0
11001,13,2020-06-03,7,0
11001,13,2020-06-04,5,0
11001,13,2020-06-05,6,0
11001,13,2020-06-06,15,0
11001,13,2020-06-07,6,0
11001,13,2020-06-08,8,0
11001,13,2020-06-09,4,0
11001,13,2020-06-10,11,1
11001,13,2020-06-11,15,0
11001,13,2020-06-12,11,1
11001,13,2020-06-13,11,0
11001,13,2020-06-14,15,0
11001,13,2020-06-15,11,0
11001,13,2020-06-16,10,0
11001,13,2020-06-17,10,0
11001,13,2020-06-18,21,1
11001,13,2020-06-19,18,0
11001,13,2020-06-20,19,0
11001,13,2020-06-21,11,1
11001,13,2020-06-22,33,0
11001,13,2020-06-23,18,1
11001,13,2020-06-24,14,0
11001,13,2020-06-25,22,0
11001,13,2020-06-26,27,0
11001,13,2020-06-27,21,0
11001,13,2020-06-28,19,1
11001,13,2020-06-29,22,0
11001,13,2020-06-30,31,2
11001,13,2020-07-01,56,0
11001,13,2020-07-02,32,0
11001,13,2020-07-03,40,0
11001,13,2020-07-04,32,3
11001,13,2020-07-05,25,1
11001,13,2020-07-06,36,2
11001,13,2020-07-07,37,1
11001,13,2020-07-08,75,2
11001,13,2020-07-09,41,0
11001,13,2020-07-10,58,2
11001,13,2020-07-11,45,0
11001,13,2020-07-12,41,2
11001,13,2020-07-13,50,1
11001,13,2020-07-14,82,0
11001,13,2020-07-15,69,1
11001,13,2020-07-16,49,3
11001,13,2020-07-17,57,4
11001,13,2020-07-18,58,0
11001,13,2020-07-19,43,1
11001,13,2020-07-20,54,0
11001,13,2020-07-21,58,2
11001,13,2020-07-22,73,1
11001,13,2020-07-23,59,4
11001,13,2020-07-24,70,1
11001,13,2020-07-25,39,2
11001,13,2020-07-26,39,2
11001,13,2020-07-27,64,1
11001,13,2020-07-28,66,2
11001,13,2020-07-29,56,1
11001,13,2020-07-30,58,0
11001,13,2020-07-31,50,2
11001,13,2020-08-01,56,1
11001,13,2020-08-02,40,2
11001,13,2020-08-03,48,4
11001,13,2020-08-04,44,2
11001,13,2020-08-05,43,0
11001,13,2020-08-06,62,5
11001,13,2020-08-07,39,1
11001,13,2020-08-08,47,1
11001,13,2020-08-09,31,2
11001,13,2020-08-10,41,0
11001,13,2020-08-11,32,2
11001,13,2020-08-12,54,1
11001,13,2020-08-13,38,3
11001,13,2020-08-14,33,1
11001,13,2020-08-15,36,2
11001,13,2020-08-16,30,1
11001,13,2020-08-17,25,0
11001,13,2020-08-18,45,1
11001,13,2020-08-19,27,3
11001,13,2020-08-20,41,1
11001,13,2020-08-21,28,2
11001,13,2020-08-22,30,0
11001,13,2020-08-23,13,2
11001,13,2020-08-24,37,1
11001,13,2020-08-25,26,1
11001,13,2020-08-26,39,1
11001,13,2020-08-27,19,1
11001,13,2020-08-28,34,0
11001,13,2020-08-29,30,2
11001,13,2020-08-30,18,0
11001,13,2020-08-31,20,0
11001,13,2020-09-01,13,0
11001,13,2020-09-02,15,4
11001,13,2020-09-03,17,1
11001,13,2020-09-04,27,1
11001,13,2020-09-05,10,0
11001,13,2020-09-06,14,2
11001,13,2020-09-07,10,0
11001,13,2020-09-08,9,0
11001,13,2020-09-09,5,0
11001,13,2020-09-10,5,1
11001,13,2020-09-11,1,1
11001,13,2020-09-12,1,0
11001,13,2020-09-14,2,0
11001,14,2020-03-01,1,0
11001,14,2020-03-13,1,0
11001,14,2020-03-17,2,0
11001,14,2020-03-18,1,0
11001,14,2020-03-19,1,0
11001,14,2020-03-20,1,0
11001,14,2020-03-21,4,0
11001,14,2020-03-23,1,0
11001,14,2020-03-25,2,0
11001,14,2020-03-27,1,0
11001,14,2020-03-30,1,0
11001,14,2020-04-02,1,0
11001,14,2020-04-04,2,0
11001,14,2020-04-06,1,0
11001,14,2020-04-07,1,0
11001,14,2020-04-10,1,1
11001,14,2020-04-14,2,0
11001,14,2020-04-15,2,0
11001,14,2020-04-19,1,0
11001,14,2020-04-20,1,0
11001,14,2020-04-21,1,0
11001,14,2020-04-22,7,0
11001,14,2020-04-24,3,0
11001,14,2020-04-25,5,0
11001,14,2020-04-27,1,0
11001,14,2020-04-28,1,0
11001,14,2020-04-29,1,0
11001,14,2020-04-30,1,0
11001,14,2020-05-01,2,0
11001,14,2020-05-02,6,0
11001,14,2020-05-03,3,1
11001,14,2020-05-04,4,1
11001,14,2020-05-05,3,0
11001,14,2020-05-06,3,0
11001,14,2020-05-08,4,0
11001,14,2020-05-09,8,0
11001,14,2020-05-10,30,1
11001,14,2020-05-11,5,1
11001,14,2020-05-12,6,0
11001,14,2020-05-13,6,0
11001,14,2020-05-14,2,0
11001,14,2020-05-15,3,0
11001,14,2020-05-16,14,0
11001,14,2020-05-17,6,0
11001,14,2020-05-18,14,0
11001,14,2020-05-19,17,0
11001,14,2020-05-20,8,0
11001,14,2020-05-21,14,0
11001,14,2020-05-22,86,0
11001,14,2020-05-23,5,0
11001,14,2020-05-24,15,0
11001,14,2020-05-25,14,0
11001,14,2020-05-26,10,0
11001,14,2020-05-27,17,0
11001,14,2020-05-28,10,0
11001,14,2020-05-29,12,1
11001,14,2020-05-30,8,1
11001,14,2020-05-31,9,0
11001,14,2020-06-01,5,0
11001,14,2020-06-02,10,0
11001,14,2020-06-03,8,0
11001,14,2020-06-04,7,0
11001,14,2020-06-05,11,0
11001,14,2020-06-06,6,0
11001,14,2020-06-07,13,0
11001,14,2020-06-08,9,1
11001,14,2020-06-09,17,0
11001,14,2020-06-10,26,0
11001,14,2020-06-11,9,0
11001,14,2020-06-12,29,0
11001,14,2020-06-13,15,0
11001,14,2020-06-14,17,0
11001,14,2020-06-15,19,0
11001,14,2020-06-16,18,0
11001,14,2020-06-17,51,3
11001,14,2020-06-18,9,0
11001,14,2020-06-19,28,0
11001,14,2020-06-20,87,0
11001,14,2020-06-21,25,0
11001,14,2020-06-22,28,1
11001,14,2020-06-23,20,1
11001,14,2020-06-24,17,0
11001,14,2020-06-25,31,0
11001,14,2020-06-26,53,0
11001,14,2020-06-27,22,2
11001,14,2020-06-28,47,2
11001,14,2020-06-29,19,2
11001,14,2020-06-30,25,1
11001,14,2020-07-01,43,0
11001,14,2020-07-02,25,1
11001,14,2020-07-03,35,1
11001,14,2020-07-04,37,2
11001,14,2020-07-05,32,0
11001,14,2020-07-06,31,1
11001,14,2020-07-07,50,0
11001,14,2020-07-08,62,1
11001,14,2020-07-09,25,0
11001,14,2020-07-10,47,0
11001,14,2020-07-11,45,1
11001,14,2020-07-12,33,1
11001,14,2020-07-13,42,0
11001,14,2020-07-14,49,0
11001,14,2020-07-15,36,4
11001,14,2020-07-16,39,2
11001,14,2020-07-17,36,4
11001,14,2020-07-18,42,2
11001,14,2020-07-19,51,2
11001,14,2020-07-20,38,4
11001,14,2020-07-21,90,3
11001,14,2020-07-22,39,4
11001,14,2020-07-23,35,2
11001,14,2020-07-24,40,3
11001,14,2020-07-25,29,2
11001,14,2020-07-26,20,2
11001,14,2020-07-27,43,1
11001,14,2020-07-28,42,2
11001,14,2020-07-29,41,2
11001,14,2020-07-30,42,3
11001,14,2020-07-31,33,3
11001,14,2020-08-01,52,2
11001,14,2020-08-02,30,2
11001,14,2020-08-03,43,2
11001,14,2020-08-04,32,1
11001,14,2020-08-05,58,4
11001,14,2020-08-06,34,2
11001,14,2020-08-07,22,3
11001,14,2020-08-08,28,1
11001,14,2020-08-09,26,1
11001,14,2020-08-10,36,2
11001,14,2020-08-11,63,3
11001,14,2020-08-12,24,0
11001,14,2020-08-13,74,1
11001,14,2020-08-14,32,3
11001,14,2020-08-15,30,1
11001,14,2020-08-16,18,3
11001,14,2020-08-17,16,2
11001,14,2020-08-18,19,3
11001,14,2020-08-19,33,2
11001,14,2020-08-20,20,0
11001,14,2020-08-21,14,0
11001,14,2020-08-22,18,0
11001,14,2020-08-23,18,1
11001,14,2020-08-24,50,1
11001,14,2020-08-25,70,1
11001,14,2020-08-26,44,1
11001,14,2020-08-27,28,1
11001,14,2020-08-28,27,0
11001,14,2020-08-29,17,2
11001,14,2020-08-30,15,2
11001,14,2020-08-31,23,1
11001,14,2020-09-01,15,2
11001,14,2020-09-02,22,0
11001,14,2020-09-03,27,0
11001,14,2020-09-04,14,1
11001,14,2020-09-05,18,0
11001,14,2020-09-06,9,1
11001,14,2020-09-07,10,0
11001,14,2020-09-08,10,0
11001,14,2020-09-09,18,0
11001,14,2020-09-10,9,3
11001,14,2020-09-11,5,0
11001,14,2020-09-12,1,3
11001,14,2020-09-13,1,0
11001,14,2020-09-14,3,0
11001,15,2020-03-14,1,0
11001,15,2020-03-16,1,0
11001,15,2020-03-17,3,0
11001,15,2020-03-21,3,0
11001,15,2020-03-22,1,0
11001,15,2020-03-28,1,0
11001,15,2020-03-29,2,0
11001,15,2020-03-30,3,0
11001,15,2020-04-01,1,0
11001,15,2020-04-03,1,0
11001,15,2020-04-05,3,0
11001,15,2020-04-06,9,0
11001,15,2020-04-14,3,0
11001,15,2020-04-17,1,0
11001,15,2020-04-18,3,0
11001,15,2020-04-20,1,0
11001,15,2020-04-23,2,0
11001,15,2020-04-26,4,0
11001,15,2020-04-27,1,0
11001,15,2020-04-28,2,0
11001,15,2020-05-01,3,0
11001,15,2020-05-02,2,0
11001,15,2020-05-03,1,0
11001,15,2020-05-04,4,0
11001,15,2020-05-05,1,0
11001,15,2020-05-06,52,0
11001,15,2020-05-07,4,0
11001,15,2020-05-08,7,0
11001,15,2020-05-10,2,0
11001,15,2020-05-11,4,0
11001,15,2020-05-12,7,0
11001,15,2020-05-13,5,0
11001,15,2020-05-14,1,0
11001,15,2020-05-15,8,1
11001,15,2020-05-16,4,0
11001,15,2020-05-17,2,0
11001,15,2020-05-18,3,0
11001,15,2020-05-19,27,0
11001,15,2020-05-20,7,1
11001,15,2020-05-21,7,0
11001,15,2020-05-22,6,0
11001,15,2020-05-23,6,0
11001,15,2020-05-24,3,0
11001,15,2020-05-25,5,0
11001,15,2020-05-26,6,0
11001,15,2020-05-27,6,0
11001,15,2020-05-28,5,1
11001,15,2020-05-29,4,0
11001,15,2020-05-30,4,0
11001,15,2020-05-31,5,1
11001,15,2020-06-01,15,0
11001,15,2020-06-02,9,0
11001,15,2020-06-03,7,0
11001,15,2020-06-04,4,0
11001,15,2020-06-06,9,0
11001,15,2020-06-07,11,1
11001,15,2020-06-08,13,0
11001,15,2020-06-09,5,0
11001,15,2020-06-10,11,1
11001,15,2020-06-11,43,3
11001,15,2020-06-12,11,0
11001,15,2020-06-13,61,0
11001,15,2020-06-14,13,0
11001,15,2020-06-15,12,0
11001,15,2020-06-16,15,1
11001,15,2020-06-17,11,2
11001,15,2020-06-18,14,0
11001,15,2020-06-19,18,0
11001,15,2020-06-20,21,1
11001,15,2020-06-21,20,1
11001,15,2020-06-22,13,2
11001,15,2020-06-23,20,0
11001,15,2020-06-24,31,3
11001,15,2020-06-25,26,1
11001,15,2020-06-26,36,0
11001,15,2020-06-27,129,2
11001,15,2020-06-28,23,0
11001,15,2020-06-29,27,1
11001,15,2020-06-30,66,0
11001,15,2020-07-01,46,2
11001,15,2020-07-02,59,0
11001,15,2020-07-03,48,2
11001,15,2020-07-04,38,1
11001,15,2020-07-05,49,1
11001,15,2020-07-06,39,0
11001,15,2020-07-07,41,1
11001,15,2020-07-08,37,0
11001,15,2020-07-09,36,2
11001,15,2020-07-10,34,3
11001,15,2020-07-11,42,5
11001,15,2020-07-12,20,0
11001,15,2020-07-13,50,2
11001,15,2020-07-14,33,0
11001,15,2020-07-15,29,2
11001,15,2020-07-16,45,1
11001,15,2020-07-17,41,1
11001,15,2020-07-18,41,0
11001,15,2020-07-19,40,2
11001,15,2020-07-20,44,3
11001,15,2020-07-21,58,3
11001,15,2020-07-22,51,2
11001,15,2020-07-23,42,1
11001,15,2020-07-24,32,4
11001,15,2020-07-25,39,2
11001,15,2020-07-26,34,3
11001,15,2020-07-27,59,1
11001,15,2020-07-28,56,2
11001,15,2020-07-29,48,1
11001,15,2020-07-30,52,4
11001,15,2020-07-31,28,2
11001,15,2020-08-01,40,0
11001,15,2020-08-02,23,2
11001,15,2020-08-03,48,2
11001,15,2020-08-04,34,2
11001,15,2020-08-05,23,2
11001,15,2020-08-06,40,3
11001,15,2020-08-07,29,2
11001,15,2020-08-08,28,0
11001,15,2020-08-09,27,1
11001,15,2020-08-10,42,1
11001,15,2020-08-11,33,2
11001,15,2020-08-12,45,1
11001,15,2020-08-13,25,0
11001,15,2020-08-14,25,2
11001,15,2020-08-15,41,1
11001,15,2020-08-16,30,1
11001,15,2020-08-17,33,1
11001,15,2020-08-18,49,2
11001,15,2020-08-19,32,0
11001,15,2020-08-20,26,0
11001,15,2020-08-21,42,0
11001,15,2020-08-22,30,4
11001,15,2020-08-23,27,0
11001,15,2020-08-24,70,1
11001,15,2020-08-25,26,1
11001,15,2020-08-26,33,1
11001,15,2020-08-27,27,1
11001,15,2020-08-28,23,0
11001,15,2020-08-29,21,0
11001,15,2020-08-30,15,0
11001,15,2020-08-31,20,3
11001,15,2020-09-01,11,1
11001,15,2020-09-02,15,0
11001,15,2020-09-03,18,0
11001,15,2020-09-04,13,1
11001,15,2020-09-05,10,2
11001,15,2020-09-06,12,0
11001,15,2020-09-07,18,1
11001,15,2020-09-08,10,3
11001,15,2020-09-09,18,0
11001,15,2020-09-10,19,0
11001,15,2020-09-11,4,0
11001,15,2020-09-13,2,2
11001,15,2020-09-14,4,0
11001,16,2020-03-14,1,0
11001,16,2020-03-15,1,0
11001,16,2020-03-16,3,0
11001,16,2020-03-17,3,0
11001,16,2020-03-18,3,0
11001,16,2020-03-19,2,0
11001,16,2020-03-20,4,0
11001,16,2020-03-21,3,0
11001,16,2020-03-22,1,0
11001,16,2020-03-23,3,0
11001,16,2020-03-25,2,0
11001,16,2020-03-26,3,0
11001,16,2020-03-27,1,0
11001,16,2020-03-28,3,1
11001,16,2020-03-29,1,0
11001,16,2020-03-30,5,0
11001,16,2020-03-31,1,0
11001,16,2020-04-01,8,0
11001,16,2020-04-02,5,0
11001,16,2020-04-03,1,1
11001,16,2020-04-04,4,0
11001,16,2020-04-05,3,0
11001,16,2020-04-06,2,1
11001,16,2020-04-07,1,0
11001,16,2020-04-08,4,0
11001,16,2020-04-09,2,0
11001,16,2020-04-10,4,0
11001,16,2020-04-12,5,0
11001,16,2020-04-13,4,0
11001,16,2020-04-14,5,0
11001,16,2020-04-15,7,2
11001,16,2020-04-16,6,1
11001,16,2020-04-17,3,0
11001,16,2020-04-18,6,0
11001,16,2020-04-19,5,0
11001,16,2020-04-20,3,0
11001,16,2020-04-21,6,0
11001,16,2020-04-22,3,0
11001,16,2020-04-23,4,1
11001,16,2020-04-24,4,0
11001,16,2020-04-25,1,0
11001,16,2020-04-26,2,0
11001,16,2020-04-27,10,0
11001,16,2020-04-28,7,0
11001,16,2020-04-29,7,1
11001,16,2020-04-30,7,0
11001,16,2020-05-01,9,0
11001,16,2020-05-02,5,0
11001,16,2020-05-03,15,0
11001,16,2020-05-04,7,0
11001,16,2020-05-05,10,0
11001,16,2020-05-06,5,0
11001,16,2020-05-07,3,0
11001,16,2020-05-08,5,1
11001,16,2020-05-09,7,0
11001,16,2020-05-10,7,0
11001,16,2020-05-11,7,0
11001,16,2020-05-12,3,0
11001,16,2020-05-13,20,1
11001,16,2020-05-14,13,0
11001,16,2020-05-15,9,0
11001,16,2020-05-16,5,0
11001,16,2020-05-17,6,0
11001,16,2020-05-18,9,0
11001,16,2020-05-19,16,0
11001,16,2020-05-20,10,0
11001,16,2020-05-21,6,0
11001,16,2020-05-22,15,0
11001,16,2020-05-23,13,1
11001,16,2020-05-24,9,2
11001,16,2020-05-25,7,0
11001,16,2020-05-26,3,0
11001,16,2020-05-27,12,0
11001,16,2020-05-28,29,1
11001,16,2020-05-29,13,0
11001,16,2020-05-30,14,0
11001,16,2020-05-31,17,0
11001,16,2020-06-01,16,1
11001,16,2020-06-02,14,0
11001,16,2020-06-03,12,0
11001,16,2020-06-04,10,0
11001,16,2020-06-05,21,0
11001,16,2020-06-06,30,2
11001,16,2020-06-07,18,1
11001,16,2020-06-08,17,0
11001,16,2020-06-09,19,1
11001,16,2020-06-10,40,0
11001,16,2020-06-11,34,2
11001,16,2020-06-12,32,1
11001,16,2020-06-13,26,0
11001,16,2020-06-14,33,1
11001,16,2020-06-15,52,2
11001,16,2020-06-16,24,0
11001,16,2020-06-17,54,1
11001,16,2020-06-18,48,0
11001,16,2020-06-19,51,1
11001,16,2020-06-20,53,0
11001,16,2020-06-21,33,0
11001,16,2020-06-22,34,0
11001,16,2020-06-23,62,0
11001,16,2020-06-24,46,1
11001,16,2020-06-25,50,1
11001,16,2020-06-26,84,0
11001,16,2020-06-27,75,2
11001,16,2020-06-28,51,1
11001,16,2020-06-29,43,1
11001,16,2020-06-30,71,0
11001,16,2020-07-01,109,1
11001,16,2020-07-02,77,1
11001,16,2020-07-03,73,0
11001,16,2020-07-04,73,2
11001,16,2020-07-05,54,3
11001,16,2020-07-06,97,3
11001,16,2020-07-07,75,3
11001,16,2020-07-08,96,2
11001,16,2020-07-09,88,2
11001,16,2020-07-10,110,1
11001,16,2020-07-11,73,2
11001,16,2020-07-12,102,2
11001,16,2020-07-13,117,4
11001,16,2020-07-14,102,3
11001,16,2020-07-15,106,3
11001,16,2020-07-16,100,3
11001,16,2020-07-17,142,1
11001,16,2020-07-18,120,3
11001,16,2020-07-19,113,3
11001,16,2020-07-20,190,2
11001,16,2020-07-21,131,4
11001,16,2020-07-22,146,5
11001,16,2020-07-23,137,2
11001,16,2020-07-24,221,5
11001,16,2020-07-25,111,4
11001,16,2020-07-26,91,4
11001,16,2020-07-27,136,7
11001,16,2020-07-28,218,3
11001,16,2020-07-29,186,2
11001,16,2020-07-30,107,6
11001,16,2020-07-31,127,5
11001,16,2020-08-01,133,2
11001,16,2020-08-02,108,4
11001,16,2020-08-03,125,8
11001,16,2020-08-04,129,7
11001,16,2020-08-05,135,6
11001,16,2020-08-06,220,3
11001,16,2020-08-07,145,1
11001,16,2020-08-08,100,4
11001,16,2020-08-09,50,5
11001,16,2020-08-10,157,3
11001,16,2020-08-11,100,4
11001,16,2020-08-12,140,7
11001,16,2020-08-13,99,7
11001,16,2020-08-14,118,2
11001,16,2020-08-15,98,1
11001,16,2020-08-16,75,5
11001,16,2020-08-17,83,5
11001,16,2020-08-18,145,2
11001,16,2020-08-19,119,2
11001,16,2020-08-20,88,1
11001,16,2020-08-21,122,3
11001,16,2020-08-22,63,3
11001,16,2020-08-23,49,6
11001,16,2020-08-24,99,3
11001,16,2020-08-25,104,1
11001,16,2020-08-26,121,1
11001,16,2020-08-27,72,4
11001,16,2020-08-28,75,2
11001,16,2020-08-29,85,5
11001,16,2020-08-30,56,3
11001,16,2020-08-31,73,1
11001,16,2020-09-01,49,1
11001,16,2020-09-02,83,3
11001,16,2020-09-03,37,1
11001,16,2020-09-04,53,5
11001,16,2020-09-05,44,3
11001,16,2020-09-06,39,2
11001,16,2020-09-07,54,5
11001,16,2020-09-08,46,2
11001,16,2020-09-09,24,2
11001,16,2020-09-10,32,2
11001,16,2020-09-11,16,2
11001,16,2020-09-12,15,3
11001,16,2020-09-13,4,1
11001,16,2020-09-14,6,0
11001,16,2020-09-15,1,2
11001,17,2020-03-15,1,0
11001,17,2020-03-17,1,0
11001,17,2020-03-23,1,0
11001,17,2020-03-26,2,0
11001,17,2020-04-04,1,0
11001,17,2020-04-07,1,0
11001,17,2020-04-10,2,0
11001,17,2020-04-18,1,0
11001,17,2020-04-20,1,0
11001,17,2020-04-21,1,0
11001,17,2020-04-23,1,0
11001,17,2020-04-29,1,0
11001,17,2020-05-03,1,0
11001,17,2020-05-05,1,0
11001,17,2020-05-06,1,0
11001,17,2020-05-08,1,0
11001,17,2020-05-10,4,0
11001,17,2020-05-11,6,0
11001,17,2020-05-12,2,0
11001,17,2020-05-13,4,0
11001,17,2020-05-14,3,0
11001,17,2020-05-15,1,0
11001,17,2020-05-16,2,0
11001,17,2020-05-17,1,0
11001,17,2020-05-18,3,0
11001,17,2020-05-19,4,0
11001,17,2020-05-20,22,0
11001,17,2020-05-21,3,0
11001,17,2020-05-23,7,0
11001,17,2020-05-24,4,0
11001,17,2020-05-25,1,0
11001,17,2020-05-26,3,0
11001,17,2020-05-27,1,0
11001,17,2020-05-28,2,0
11001,17,2020-05-29,3,0
11001,17,2020-05-30,2,0
11001,17,2020-05-31,1,0
11001,17,2020-06-01,1,0
11001,17,2020-06-02,4,0
11001,17,2020-06-03,6,0
11001,17,2020-06-04,3,0
11001,17,2020-06-05,1,0
11001,17,2020-06-06,1,0
11001,17,2020-06-07,2,0
11001,17,2020-06-08,7,1
11001,17,2020-06-09,1,0
11001,17,2020-06-10,6,0
11001,17,2020-06-11,3,0
11001,17,2020-06-12,3,0
11001,17,2020-06-13,4,0
11001,17,2020-06-14,2,1
11001,17,2020-06-15,6,0
11001,17,2020-06-16,11,0
11001,17,2020-06-17,5,1
11001,17,2020-06-18,10,0
11001,17,2020-06-19,26,0
11001,17,2020-06-20,5,0
11001,17,2020-06-21,4,0
11001,17,2020-06-22,4,0
11001,17,2020-06-23,6,2
11001,17,2020-06-24,15,0
11001,17,2020-06-25,10,1
11001,17,2020-06-26,5,0
11001,17,2020-06-27,8,0
11001,17,2020-06-28,8,0
11001,17,2020-06-29,7,0
11001,17,2020-06-30,6,0
11001,17,2020-07-01,34,0
11001,17,2020-07-02,5,0
11001,17,2020-07-03,36,1
11001,17,2020-07-04,4,0
11001,17,2020-07-05,8,0
11001,17,2020-07-06,10,0
11001,17,2020-07-07,15,0
11001,17,2020-07-08,13,0
11001,17,2020-07-09,7,0
11001,17,2020-07-10,18,0
11001,17,2020-07-11,19,0
11001,17,2020-07-12,7,0
11001,17,2020-07-13,10,0
11001,17,2020-07-14,13,0
11001,17,2020-07-15,13,0
11001,17,2020-07-16,9,1
11001,17,2020-07-17,9,0
11001,17,2020-07-18,10,0
11001,17,2020-07-19,9,0
11001,17,2020-07-20,6,0
11001,17,2020-07-21,10,2
11001,17,2020-07-22,15,0
11001,17,2020-07-23,13,1
11001,17,2020-07-24,19,0
11001,17,2020-07-25,21,1
11001,17,2020-07-26,15,0
11001,17,2020-07-27,22,1
11001,17,2020-07-28,18,1
11001,17,2020-07-29,21,0
11001,17,2020-07-30,12,0
11001,17,2020-07-31,23,0
11001,17,2020-08-01,17,1
11001,17,2020-08-02,10,0
11001,17,2020-08-03,10,3
11001,17,2020-08-04,11,0
11001,17,2020-08-05,20,1
11001,17,2020-08-06,16,0
11001,17,2020-08-07,8,0
11001,17,2020-08-08,7,0
11001,17,2020-08-09,1,0
11001,17,2020-08-10,14,0
11001,17,2020-08-11,17,0
11001,17,2020-08-12,15,2
11001,17,2020-08-13,5,0
11001,17,2020-08-14,16,0
11001,17,2020-08-15,17,0
11001,17,2020-08-16,3,1
11001,17,2020-08-17,5,0
11001,17,2020-08-18,19,1
11001,17,2020-08-19,20,0
11001,17,2020-08-20,16,0
11001,17,2020-08-21,17,1
11001,17,2020-08-22,15,1
11001,17,2020-08-23,6,1
11001,17,2020-08-24,13,1
11001,17,2020-08-25,6,0
11001,17,2020-08-26,31,0
11001,17,2020-08-27,6,0
11001,17,2020-08-28,9,1
11001,17,2020-08-29,6,1
11001,17,2020-08-30,4,0
11001,17,2020-08-31,14,0
11001,17,2020-09-01,12,0
11001,17,2020-09-02,9,0
11001,17,2020-09-03,12,0
11001,17,2020-09-04,8,1
11001,17,2020-09-05,9,0
11001,17,2020-09-06,3,0
11001,17,2020-09-07,2,0
11001,17,2020-09-08,5,0
11001,17,2020-09-09,1,0
11001,17,2020-09-10,1,0
11001,17,2020-09-15,1,0
11001,18,2020-03-11,1,0
11001,18,2020-03-15,3,0
11001,18,2020-03-16,1,0
11001,18,2020-03-17,3,0
11001,18,2020-03-18,1,0
11001,18,2020-03-19,2,0
11001,18,2020-03-20,1,0
11001,18,2020-03-23,4,0
11001,18,2020-03-24,2,0
11001,18,2020-03-25,5,0
11001,18,2020-03-26,3,0
11001,18,2020-03-27,3,0
11001,18,2020-03-28,5,1
11001,18,2020-03-29,4,0
11001,18,2020-03-30,5,0
11001,18,2020-03-31,2,0
11001,18,2020-04-01,2,0
11001,18,2020-04-02,3,0
11001,18,2020-04-03,2,0
11001,18,2020-04-04,4,1
11001,18,2020-04-05,4,0
11001,18,2020-04-06,2,2
11001,18,2020-04-07,3,1
11001,18,2020-04-08,5,0
11001,18,2020-04-09,4,0
11001,18,2020-04-10,6,0
11001,18,2020-04-11,2,0
11001,18,2020-04-12,2,0
11001,18,2020-04-13,4,0
11001,18,2020-04-14,2,0
11001,18,2020-04-15,1,0
11001,18,2020-04-16,3,0
11001,18,2020-04-17,5,0
11001,18,2020-04-18,4,0
11001,18,2020-04-19,3,0
11001,18,2020-04-20,1,0
11001,18,2020-04-22,7,0
11001,18,2020-04-23,6,0
11001,18,2020-04-24,7,0
11001,18,2020-04-25,3,0
11001,18,2020-04-26,6,0
11001,18,2020-04-27,6,0
11001,18,2020-04-28,3,0
11001,18,2020-04-29,3,0
11001,18,2020-04-30,32,1
11001,18,2020-05-01,5,0
11001,18,2020-05-02,4,1
11001,18,2020-05-03,8,0
11001,18,2020-05-04,11,0
11001,18,2020-05-05,5,1
11001,18,2020-05-06,11,0
11001,18,2020-05-07,8,0
11001,18,2020-05-08,12,1
11001,18,2020-05-09,7,0
11001,18,2020-05-10,16,1
11001,18,2020-05-11,12,1
11001,18,2020-05-12,4,0
11001,18,2020-05-13,14,0
11001,18,2020-05-14,19,0
11001,18,2020-05-15,14,0
11001,18,2020-05-16,28,0
11001,18,2020-05-17,17,0
11001,18,2020-05-18,22,0
11001,18,2020-05-19,15,0
11001,18,2020-05-20,19,1
11001,18,2020-05-21,8,0
11001,18,2020-05-22,18,0
11001,18,2020-05-23,13,0
11001,18,2020-05-24,21,0
11001,18,2020-05-25,33,0
11001,18,2020-05-26,19,1
11001,18,2020-05-27,12,0
11001,18,2020-05-28,14,0
11001,18,2020-05-29,14,0
11001,18,2020-05-30,22,0
11001,18,2020-05-31,23,0
11001,18,2020-06-01,40,0
11001,18,2020-06-02,27,0
11001,18,2020-06-03,26,0
11001,18,2020-06-04,27,0
11001,18,2020-06-05,38,0
11001,18,2020-06-06,34,0
11001,18,2020-06-07,36,0
11001,18,2020-06-08,33,1
11001,18,2020-06-09,28,2
11001,18,2020-06-10,55,0
11001,18,2020-06-11,41,1
11001,18,2020-06-12,29,1
11001,18,2020-06-13,38,2
11001,18,2020-06-14,38,2
11001,18,2020-06-15,57,4
11001,18,2020-06-16,41,0
11001,18,2020-06-17,52,2
11001,18,2020-06-18,51,1
11001,18,2020-06-19,50,1
11001,18,2020-06-20,94,1
11001,18,2020-06-21,76,2
11001,18,2020-06-22,83,2
11001,18,2020-06-23,82,4
11001,18,2020-06-24,68,0
11001,18,2020-06-25,88,3
11001,18,2020-06-26,109,2
11001,18,2020-06-27,202,3
11001,18,2020-06-28,79,2
11001,18,2020-06-29,75,2
11001,18,2020-06-30,108,3
11001,18,2020-07-01,146,1
11001,18,2020-07-02,181,1
11001,18,2020-07-03,160,3
11001,18,2020-07-04,114,2
11001,18,2020-07-05,113,5
11001,18,2020-07-06,133,1
11001,18,2020-07-07,154,6
11001,18,2020-07-08,209,1
11001,18,2020-07-09,125,3
11001,18,2020-07-10,192,6
11001,18,2020-07-11,132,2
11001,18,2020-07-12,139,8
11001,18,2020-07-13,201,3
11001,18,2020-07-14,205,7
11001,18,2020-07-15,176,6
11001,18,2020-07-16,477,2
11001,18,2020-07-17,375,6
11001,18,2020-07-18,394,3
11001,18,2020-07-19,419,2
11001,18,2020-07-20,274,6
11001,18,2020-07-21,324,4
11001,18,2020-07-22,224,9
11001,18,2020-07-23,161,11
11001,18,2020-07-24,225,8
11001,18,2020-07-25,172,5
11001,18,2020-07-26,122,7
11001,18,2020-07-27,232,7
11001,18,2020-07-28,206,3
11001,18,2020-07-29,156,12
11001,18,2020-07-30,150,8
11001,18,2020-07-31,188,7
11001,18,2020-08-01,181,4
11001,18,2020-08-02,98,11
11001,18,2020-08-03,163,12
11001,18,2020-08-04,154,7
11001,18,2020-08-05,171,10
11001,18,2020-08-06,129,5
11001,18,2020-08-07,104,6
11001,18,2020-08-08,157,9
11001,18,2020-08-09,107,4
11001,18,2020-08-10,164,5
11001,18,2020-08-11,101,3
11001,18,2020-08-12,130,4
11001,18,2020-08-13,139,3
11001,18,2020-08-14,163,5
11001,18,2020-08-15,127,7
11001,18,2020-08-16,124,2
11001,18,2020-08-17,89,6
11001,18,2020-08-18,131,4
11001,18,2020-08-19,106,2
11001,18,2020-08-20,127,0
11001,18,2020-08-21,113,6
11001,18,2020-08-22,74,1
11001,18,2020-08-23,73,2
11001,18,2020-08-24,102,5
11001,18,2020-08-25,137,5
11001,18,2020-08-26,103,7
11001,18,2020-08-27,82,6
11001,18,2020-08-28,79,1
11001,18,2020-08-29,97,1
11001,18,2020-08-30,65,0
11001,18,2020-08-31,69,2
11001,18,2020-09-01,81,4
11001,18,2020-09-02,51,6
11001,18,2020-09-03,60,4
11001,18,2020-09-04,65,1
11001,18,2020-09-05,55,3
11001,18,2020-09-06,42,3
11001,18,2020-09-07,60,2
11001,18,2020-09-08,52,1
11001,18,2020-09-09,37,5
11001,18,2020-09-10,39,3
11001,18,2020-09-11,26,2
11001,18,2020-09-12,23,2
11001,18,2020-09-13,22,4
11001,18,2020-09-14,25,1
11001,19,2020-03-07,1,0
11001,19,2020-03-10,1,0
11001,19,2020-03-12,1,0
11001,19,2020-03-18,1,0
11001,19,2020-03-19,2,0
11001,19,2020-03-20,6,0
11001,19,2020-03-21,3,0
11001,19,2020-03-22,1,0
11001,19,2020-03-23,1,0
11001,19,2020-03-24,1,0
11001,19,2020-03-25,1,0
11001,19,2020-03-26,2,0
11001,19,2020-03-27,6,0
11001,19,2020-03-28,4,0
11001,19,2020-03-29,7,0
11001,19,2020-03-31,5,0
11001,19,2020-04-01,8,0
11001,19,2020-04-02,3,0
11001,19,2020-04-03,2,0
11001,19,2020-04-04,27,0
11001,19,2020-04-05,3,0
11001,19,2020-04-06,15,1
11001,19,2020-04-07,7,0
11001,19,2020-04-08,5,0
11001,19,2020-04-09,3,2
11001,19,2020-04-10,11,1
11001,19,2020-04-11,8,0
11001,19,2020-04-12,3,0
11001,19,2020-04-13,4,0
11001,19,2020-04-14,7,0
11001,19,2020-04-15,8,0
11001,19,2020-04-16,6,0
11001,19,2020-04-17,3,0
11001,19,2020-04-18,3,0
11001,19,2020-04-19,10,1
11001,19,2020-04-20,6,0
11001,19,2020-04-21,6,0
11001,19,2020-04-22,9,0
11001,19,2020-04-23,9,0
11001,19,2020-04-24,8,0
11001,19,2020-04-25,8,0
11001,19,2020-04-26,11,2
11001,19,2020-04-27,6,0
11001,19,2020-04-28,15,2
11001,19,2020-04-29,5,2
11001,19,2020-04-30,10,0
11001,19,2020-05-01,6,1
11001,19,2020-05-02,6,0
11001,19,2020-05-03,2,1
11001,19,2020-05-04,8,0
11001,19,2020-05-05,11,0
11001,19,2020-05-06,11,1
11001,19,2020-05-07,9,0
11001,19,2020-05-08,25,0
11001,19,2020-05-09,7,1
11001,19,2020-05-10,23,0
11001,19,2020-05-11,18,1
11001,19,2020-05-12,22,0
11001,19,2020-05-13,25,0
11001,19,2020-05-14,23,0
11001,19,2020-05-15,18,0
11001,19,2020-05-16,30,0
11001,19,2020-05-17,19,0
11001,19,2020-05-18,36,1
11001,19,2020-05-19,29,1
11001,19,2020-05-20,23,0
11001,19,2020-05-21,26,1
11001,19,2020-05-22,20,0
11001,19,2020-05-23,26,1
11001,19,2020-05-24,39,0
11001,19,2020-05-25,43,1
11001,19,2020-05-26,23,0
11001,19,2020-05-27,42,0
11001,19,2020-05-28,46,0
11001,19,2020-05-29,50,0
11001,19,2020-05-30,51,2
11001,19,2020-05-31,41,2
11001,19,2020-06-01,68,0
11001,19,2020-06-02,46,1
11001,19,2020-06-03,44,5
11001,19,2020-06-04,55,2
11001,19,2020-06-05,97,3
11001,19,2020-06-06,73,2
11001,19,2020-06-07,56,0
11001,19,2020-06-08,75,1
11001,19,2020-06-09,65,0
11001,19,2020-06-10,77,0
11001,19,2020-06-11,69,3
11001,19,2020-06-12,78,1
11001,19,2020-06-13,50,2
11001,19,2020-06-14,66,2
11001,19,2020-06-15,82,1
11001,19,2020-06-16,87,3
11001,19,2020-06-17,197,1
11001,19,2020-06-18,102,0
11001,19,2020-06-19,149,2
11001,19,2020-06-20,104,0
11001,19,2020-06-21,132,2
11001,19,2020-06-22,101,2
11001,19,2020-06-23,168,4
11001,19,2020-06-24,199,4
11001,19,2020-06-25,136,2
11001,19,2020-06-26,201,2
11001,19,2020-06-27,270,3
11001,19,2020-06-28,153,5
11001,19,2020-06-29,131,1
11001,19,2020-06-30,147,2
11001,19,2020-07-01,279,3
11001,19,2020-07-02,212,4
11001,19,2020-07-03,250,7
11001,19,2020-07-04,166,2
11001,19,2020-07-05,156,5
11001,19,2020-07-06,237,1
11001,19,2020-07-07,206,5
11001,19,2020-07-08,241,3
11001,19,2020-07-09,185,6
11001,19,2020-07-10,294,2
11001,19,2020-07-11,203,5
11001,19,2020-07-12,195,5
11001,19,2020-07-13,261,12
11001,19,2020-07-14,246,10
11001,19,2020-07-15,212,6
11001,19,2020-07-16,244,7
11001,19,2020-07-17,224,13
11001,19,2020-07-18,285,7
11001,19,2020-07-19,185,6
11001,19,2020-07-20,273,5
11001,19,2020-07-21,203,14
11001,19,2020-07-22,236,9
11001,19,2020-07-23,218,4
11001,19,2020-07-24,219,10
11001,19,2020-07-25,205,12
11001,19,2020-07-26,165,8
11001,19,2020-07-27,308,8
11001,19,2020-07-28,220,6
11001,19,2020-07-29,267,11
11001,19,2020-07-30,216,7
11001,19,2020-07-31,226,12
11001,19,2020-08-01,258,2
11001,19,2020-08-02,189,7
11001,19,2020-08-03,230,12
11001,19,2020-08-04,206,14
11001,19,2020-08-05,209,8
11001,19,2020-08-06,183,6
11001,19,2020-08-07,150,8
11001,19,2020-08-08,222,6
11001,19,2020-08-09,163,7
11001,19,2020-08-10,239,10
11001,19,2020-08-11,205,8
11001,19,2020-08-12,242,8
11001,19,2020-08-13,216,11
11001,19,2020-08-14,183,0
11001,19,2020-08-15,183,8
11001,19,2020-08-16,121,3
11001,19,2020-08-17,168,3
11001,19,2020-08-18,192,14
11001,19,2020-08-19,194,4
11001,19,2020-08-20,202,9
11001,19,2020-08-21,169,9
11001,19,2020-08-22,179,5
11001,19,2020-08-23,124,1
11001,19,2020-08-24,230,4
11001,19,2020-08-25,187,4
11001,19,2020-08-26,169,3
11001,19,2020-08-27,154,4
11001,19,2020-08-28,141,6
11001,19,2020-08-29,108,5
11001,19,2020-08-30,99,3
11001,19,2020-08-31,141,2
11001,19,2020-09-01,210,5
11001,19,2020-09-02,128,4
11001,19,2020-09-03,98,5
11001,19,2020-09-04,148,3
11001,19,2020-09-05,83,3
11001,19,2020-09-06,80,3
11001,19,2020-09-07,120,11
11001,19,2020-09-08,86,2
11001,19,2020-09-09,69,3
11001,19,2020-09-10,88,4
11001,19,2020-09-11,84,1
11001,19,2020-09-12,29,4
11001,19,2020-09-13,7,3
11001,19,2020-09-14,18,1
