"","date","replicate","shelter_trend","State","state_name"
"1",2020-02-15,1,0,11001,"Bogota"
"2",2020-02-16,1,0,11001,"Bogota"
"3",2020-02-17,1,0,11001,"Bogota"
"4",2020-02-18,1,0,11001,"Bogota"
"5",2020-02-19,1,0,11001,"Bogota"
"6",2020-02-20,1,0,11001,"Bogota"
"7",2020-02-21,1,0,11001,"Bogota"
"8",2020-02-22,1,0,11001,"Bogota"
"9",2020-02-23,1,0,11001,"Bogota"
"10",2020-02-24,1,0,11001,"Bogota"
"11",2020-02-25,1,0,11001,"Bogota"
"12",2020-02-26,1,0,11001,"Bogota"
"13",2020-02-27,1,0,11001,"Bogota"
"14",2020-02-28,1,0,11001,"Bogota"
"15",2020-02-29,1,0,11001,"Bogota"
"16",2020-03-01,1,0.0153140687562638,11001,"Bogota"
"17",2020-03-02,1,0.0368703461691706,11001,"Bogota"
"18",2020-03-03,1,0.0584634249658156,11001,"Bogota"
"19",2020-03-04,1,0.0800906551057814,11001,"Bogota"
"20",2020-03-05,1,0.101748115352708,11001,"Bogota"
"21",2020-03-06,1,0.123430537555499,11001,"Bogota"
"22",2020-03-07,1,0.145131241574069,11001,"Bogota"
"23",2020-03-08,1,0.16684208131324,11001,"Bogota"
"24",2020-03-09,1,0.188553402271272,11001,"Bogota"
"25",2020-03-10,1,0.210254010946892,11001,"Bogota"
"26",2020-03-11,1,0.231931156381651,11001,"Bogota"
"27",2020-03-12,1,0.253570524043789,11001,"Bogota"
"28",2020-03-13,1,0.275156242185624,11001,"Bogota"
"29",2020-03-14,1,0.296670900730055,11001,"Bogota"
"30",2020-03-15,1,0.318095582663297,11001,"Bogota"
"31",2020-03-16,1,0.339409907831208,11001,"Bogota"
"32",2020-03-17,1,0.360592088956282,11001,"Bogota"
"33",2020-03-18,1,0.381618999612199,11001,"Bogota"
"34",2020-03-19,1,0.402466253813067,11001,"Bogota"
"35",2020-03-20,1,0.423108296796499,11001,"Bogota"
"36",2020-03-21,1,0.443518506503183,11001,"Bogota"
"37",2020-03-22,1,0.463669305181863,11001,"Bogota"
"38",2020-03-23,1,0.483532280478037,11001,"Bogota"
"39",2020-03-24,1,0.503078315297613,11001,"Bogota"
"40",2020-03-25,1,0.522277725674029,11001,"Bogota"
"41",2020-03-26,1,0.541100405808962,11001,"Bogota"
"42",2020-03-27,1,0.559515979403935,11001,"Bogota"
"43",2020-03-28,1,0.577493956352393,11001,"Bogota"
"44",2020-03-29,1,0.595003893820256,11001,"Bogota"
"45",2020-03-30,1,0.612015560707453,11001,"Bogota"
"46",2020-03-31,1,0.628499104454058,11001,"Bogota"
"47",2020-04-01,1,0.644425219132374,11001,"Bogota"
"48",2020-04-02,1,0.659765313751062,11001,"Bogota"
"49",2020-04-03,1,0.674491679689129,11001,"Bogota"
"50",2020-04-04,1,0.68857765617652,11001,"Bogota"
"51",2020-04-05,1,0.701997792744117,11001,"Bogota"
"52",2020-04-06,1,0.714728007579176,11001,"Bogota"
"53",2020-04-07,1,0.726745740742551,11001,"Bogota"
"54",2020-04-08,1,0.738030101231433,11001,"Bogota"
"55",2020-04-09,1,0.748562006905312,11001,"Bogota"
"56",2020-04-10,1,0.758324316333743,11001,"Bogota"
"57",2020-04-11,1,0.767301951671457,11001,"Bogota"
"58",2020-04-12,1,0.775482011719492,11001,"Bogota"
"59",2020-04-13,1,0.782853874389874,11001,"Bogota"
"60",2020-04-14,1,0.789409287855324,11001,"Bogota"
"61",2020-04-15,1,0.79514244973468,11001,"Bogota"
"62",2020-04-16,1,0.800050073737963,11001,"Bogota"
"63",2020-04-17,1,0.804131443272545,11001,"Bogota"
"64",2020-04-18,1,0.807388451592504,11001,"Bogota"
"65",2020-04-19,1,0.809825628157172,11001,"Bogota"
"66",2020-04-20,1,0.811450150950703,11001,"Bogota"
"67",2020-04-21,1,0.812271844602544,11001,"Bogota"
"68",2020-04-22,1,0.812303164237373,11001,"Bogota"
"69",2020-04-23,1,0.811559165072984,11001,"Bogota"
"70",2020-04-24,1,0.810057457873856,11001,"Bogota"
"71",2020-04-25,1,0.807818150457368,11001,"Bogota"
"72",2020-04-26,1,0.804863775537168,11001,"Bogota"
"73",2020-04-27,1,0.801219205274308,11001,"Bogota"
"74",2020-04-28,1,0.796911552990367,11001,"Bogota"
"75",2020-04-29,1,0.791970062577422,11001,"Bogota"
"76",2020-04-30,1,0.786425986217066,11001,"Bogota"
"77",2020-05-01,1,0.780312451093978,11001,"Bogota"
"78",2020-05-02,1,0.77366431585833,11001,"Bogota"
"79",2020-05-03,1,0.766518017655366,11001,"Bogota"
"80",2020-05-04,1,0.758911410599175,11001,"Bogota"
"81",2020-05-05,1,0.750883596620433,11001,"Bogota"
"82",2020-05-06,1,0.742474749665089,11001,"Bogota"
"83",2020-05-07,1,0.733725934261264,11001,"Bogota"
"84",2020-05-08,1,0.724678919505762,11001,"Bogota"
"85",2020-05-09,1,0.715375989548623,11001,"Bogota"
"86",2020-05-10,1,0.705859751674336,11001,"Bogota"
"87",2020-05-11,1,0.696172943091364,11001,"Bogota"
"88",2020-05-12,1,0.68635823754745,11001,"Bogota"
"89",2020-05-13,1,0.676458052886828,11001,"Bogota"
"90",2020-05-14,1,0.666514360656933,11001,"Bogota"
"91",2020-05-15,1,0.656568498856535,11001,"Bogota"
"92",2020-05-16,1,0.646660988894622,11001,"Bogota"
"93",2020-05-17,1,0.636831357799839,11001,"Bogota"
"94",2020-05-18,1,0.627117966684301,11001,"Bogota"
"95",2020-05-19,1,0.617557846423147,11001,"Bogota"
"96",2020-05-20,1,0.608186541462784,11001,"Bogota"
"97",2020-05-21,1,0.599037962616588,11001,"Bogota"
"98",2020-05-22,1,0.590144249647356,11001,"Bogota"
"99",2020-05-23,1,0.581535644371434,11001,"Bogota"
"100",2020-05-24,1,0.573240374950538,11001,"Bogota"
"101",2020-05-25,1,0.565284551964481,11001,"Bogota"
"102",2020-05-26,1,0.557692076781585,11001,"Bogota"
"103",2020-05-27,1,0.550484562664347,11001,"Bogota"
"104",2020-05-28,1,0.543681268966063,11001,"Bogota"
"105",2020-05-29,1,0.537299048690526,11001,"Bogota"
"106",2020-05-30,1,0.531352309601972,11001,"Bogota"
"107",2020-05-31,1,0.525852988986729,11001,"Bogota"
"108",2020-06-01,1,0.520810542082179,11001,"Bogota"
"109",2020-06-02,1,0.516231944103207,11001,"Bogota"
"110",2020-06-03,1,0.512121705711817,11001,"Bogota"
"111",2020-06-04,1,0.508481901692683,11001,"Bogota"
"112",2020-06-05,1,0.505312212516533,11001,"Bogota"
"113",2020-06-06,1,0.502609978395055,11001,"Bogota"
"114",2020-06-07,1,0.500370265355887,11001,"Bogota"
"115",2020-06-08,1,0.49858594279476,11001,"Bogota"
"116",2020-06-09,1,0.497247771894482,11001,"Bogota"
"117",2020-06-10,1,0.496344504237463,11001,"Bogota"
"118",2020-06-11,1,0.495862989880536,11001,"Bogota"
"119",2020-06-12,1,0.495788294108057,11001,"Bogota"
"120",2020-06-13,1,0.496103822032084,11001,"Bogota"
"121",2020-06-14,1,0.496791450167182,11001,"Bogota"
"122",2020-06-15,1,0.497831664072204,11001,"Bogota"
"123",2020-06-16,1,0.499203701122545,11001,"Bogota"
"124",2020-06-17,1,0.500885697453978,11001,"Bogota"
"125",2020-06-18,1,0.502854838103401,11001,"Bogota"
"126",2020-06-19,1,0.505087509362591,11001,"Bogota"
"127",2020-06-20,1,0.507559452358632,11001,"Bogota"
"128",2020-06-21,1,0.510245916878771,11001,"Bogota"
"129",2020-06-22,1,0.51312181446815,11001,"Bogota"
"130",2020-06-23,1,0.516161869845985,11001,"Bogota"
"131",2020-06-24,1,0.519340769709185,11001,"Bogota"
"132",2020-06-25,1,0.522633308021851,11001,"Bogota"
"133",2020-06-26,1,0.52601452692438,11001,"Bogota"
"134",2020-06-27,1,0.529459852436805,11001,"Bogota"
"135",2020-06-28,1,0.532945224176919,11001,"Bogota"
"136",2020-06-29,1,0.53644721836477,11001,"Bogota"
"137",2020-06-30,1,0.539943163440384,11001,"Bogota"
"138",2020-07-01,1,0.54341124768105,11001,"Bogota"
"139",2020-07-02,1,0.546830618267485,11001,"Bogota"
"140",2020-07-03,1,0.550181471314405,11001,"Bogota"
"141",2020-07-04,1,0.553445132449798,11001,"Bogota"
"142",2020-07-05,1,0.556604127598199,11001,"Bogota"
"143",2020-07-06,1,0.559642243695827,11001,"Bogota"
"144",2020-07-07,1,0.562544579139229,11001,"Bogota"
"145",2020-07-08,1,0.565297583843299,11001,"Bogota"
"146",2020-07-09,1,0.567889088858975,11001,"Bogota"
"147",2020-07-10,1,0.570308325574782,11001,"Bogota"
"148",2020-07-11,1,0.57254593459931,11001,"Bogota"
"149",2020-07-12,1,0.574593964493157,11001,"Bogota"
"150",2020-07-13,1,0.576445860588256,11001,"Bogota"
"151",2020-07-14,1,0.578096444199569,11001,"Bogota"
"152",2020-07-15,1,0.57954188259807,11001,"Bogota"
"153",2020-07-16,1,0.580779650174732,11001,"Bogota"
"154",2020-07-17,1,0.581808481282086,11001,"Bogota"
"155",2020-07-18,1,0.582628315292801,11001,"Bogota"
"156",2020-07-19,1,0.583240234462956,11001,"Bogota"
"157",2020-07-20,1,0.583646395231252,11001,"Bogota"
"158",2020-07-21,1,0.58384995362383,11001,"Bogota"
"159",2020-07-22,1,0.583854985467506,11001,"Bogota"
"160",2020-07-23,1,0.583666402141853,11001,"Bogota"
"161",2020-07-24,1,0.583289862622552,11001,"Bogota"
"162",2020-07-25,1,0.582731682584605,11001,"Bogota"
"163",2020-07-26,1,0.581998741344391,11001,"Bogota"
"164",2020-07-27,1,0.581098387423966,11001,"Bogota"
"165",2020-07-28,1,0.580038343519677,11001,"Bogota"
"166",2020-07-29,1,0.578826611649941,11001,"Bogota"
"167",2020-07-30,1,0.577471379244098,11001,"Bogota"
"168",2020-07-31,1,0.575980926915875,11001,"Bogota"
"169",2020-08-01,1,0.574363538641028,11001,"Bogota"
"170",2020-08-02,1,0.572627415029758,11001,"Bogota"
"171",2020-08-03,1,0.570780590350518,11001,"Bogota"
"172",2020-08-04,1,0.56883085392327,11001,"Bogota"
"173",2020-08-05,1,0.566785676457298,11001,"Bogota"
"174",2020-08-06,1,0.564652141861861,11001,"Bogota"
"175",2020-08-07,1,0.562436885007539,11001,"Bogota"
"176",2020-08-08,1,0.560146035862445,11001,"Bogota"
"177",2020-08-09,1,0.557785170371164,11001,"Bogota"
"178",2020-08-10,1,0.555359268385467,11001,"Bogota"
"179",2020-08-11,1,0.55287267889543,11001,"Bogota"
"180",2020-08-12,1,0.550329092747476,11001,"Bogota"
"181",2020-08-13,1,0.547731522973053,11001,"Bogota"
"182",2020-08-14,1,0.54508229278836,11001,"Bogota"
"183",2020-08-15,1,0.542383031262161,11001,"Bogota"
"184",2020-08-16,1,0.539634676586021,11001,"Bogota"
"185",2020-08-17,1,0.536837486819534,11001,"Bogota"
"186",2020-08-18,1,0.533991057922704,11001,"Bogota"
"187",2020-08-19,1,0.531094348829301,11001,"Bogota"
"188",2020-08-20,1,0.528145713258849,11001,"Bogota"
"189",2020-08-21,1,0.525142937911566,11001,"Bogota"
"190",2020-08-22,1,0.522083286640427,11001,"Bogota"
"191",2020-08-23,1,0.518963550147671,11001,"Bogota"
"192",2020-08-24,1,0.515780100710361,11001,"Bogota"
"193",2020-08-25,1,0.512528951400767,11001,"Bogota"
"194",2020-08-26,1,0.509205819233135,11001,"Bogota"
"195",2020-08-27,1,0.505806191638694,11001,"Bogota"
"196",2020-08-28,1,0.502325395646121,11001,"Bogota"
"197",2020-08-29,1,0.498758669124833,11001,"Bogota"
"198",2020-08-30,1,0.49510123343412,11001,"Bogota"
"199",2020-08-31,1,0.491348366811651,11001,"Bogota"
"200",2020-09-01,1,0.48749547783118,11001,"Bogota"
"201",2020-09-02,1,0.483538178260426,11001,"Bogota"
"202",2020-09-03,1,0.479472354656932,11001,"Bogota"
"203",2020-09-04,1,0.475294238051571,11001,"Bogota"
"204",2020-09-05,1,0.47100047108632,11001,"Bogota"
"205",2020-09-06,1,0.466588171995079,11001,"Bogota"
"206",2020-09-07,1,0.462054994842944,11001,"Bogota"
"207",2020-09-08,1,0.457399185470848,11001,"Bogota"
"208",2020-09-09,1,0.452619632628062,11001,"Bogota"
"209",2020-09-10,1,0.447715913814909,11001,"Bogota"
"210",2020-09-11,1,0.442688335401351,11001,"Bogota"
"211",2020-09-12,1,0.437537966634093,11001,"Bogota"
"212",2020-09-13,1,0.432266667194568,11001,"Bogota"
"213",2020-09-14,1,0.42687710802276,11001,"Bogota"
"214",2020-09-15,1,0.421372785176446,11001,"Bogota"
"215",2020-09-16,1,0.415758026551967,11001,"Bogota"
"216",2020-09-17,1,0.410037991350526,11001,"Bogota"
"217",2020-09-18,1,0.404218662232703,11001,"Bogota"
"218",2020-09-19,1,0.398306830163241,11001,"Bogota"
"219",2020-09-20,1,0.392310072007269,11001,"Bogota"
"220",2020-09-21,1,0.386236720998079,11001,"Bogota"
"221",2020-09-22,1,0.380095830254324,11001,"Bogota"
"222",2020-09-23,1,0.373897129581248,11001,"Bogota"
"223",2020-09-24,1,0.367650975845201,11001,"Bogota"
"224",2020-09-25,1,0.361368297263422,11001,"Bogota"
"225",2020-09-26,1,0.355060532001063,11001,"Bogota"
"226",2020-09-27,1,0.348739561514407,11001,"Bogota"
"227",2020-09-28,1,0.342417639123097,11001,"Bogota"
"228",2020-09-29,1,0.336107314334072,11001,"Bogota"
"229",2020-09-30,1,0.329821353476134,11001,"Bogota"
"230",2020-10-01,1,0.32357265723581,11001,"Bogota"
"231",2020-10-02,1,0.317374175712482,11001,"Bogota"
"232",2020-10-03,1,0.311238821633559,11001,"Bogota"
"233",2020-10-04,1,0.305179382387928,11001,"Bogota"
"234",2020-10-05,1,0.299208431548923,11001,"Bogota"
"235",2020-10-06,1,0.293338240565503,11001,"Bogota"
"236",2020-10-07,1,0.287580691302755,11001,"Bogota"
"237",2020-10-08,1,0.281947190110155,11001,"Bogota"
"238",2020-10-09,1,0.276448584087914,11001,"Bogota"
"239",2020-10-10,1,0.271095080208634,11001,"Bogota"
"240",2020-10-11,1,0.265896167933479,11001,"Bogota"
"241",2020-10-12,1,0.260860545938718,11001,"Bogota"
"242",2020-10-13,1,0.255996053540835,11001,"Bogota"
"243",2020-10-14,1,0.251309607375958,11001,"Bogota"
"244",2020-10-15,1,0.246807143852645,11001,"Bogota"
"245",2020-10-16,1,0.242493567856172,11001,"Bogota"
"246",2020-10-17,1,0.238372708138218,11001,"Bogota"
"247",2020-10-18,1,0.234447279777536,11001,"Bogota"
"248",2020-10-19,1,0.230718854046521,11001,"Bogota"
"249",2020-10-20,1,0.227187835964609,11001,"Bogota"
"250",2020-10-21,1,0.22385344976346,11001,"Bogota"
"251",2020-10-22,1,0.220713732431015,11001,"Bogota"
"252",2020-10-23,1,0.217765535442093,11001,"Bogota"
"253",2020-10-24,1,0.215004534722551,11001,"Bogota"
"254",2020-10-25,1,0.212425248833361,11001,"Bogota"
"255",2020-10-26,1,0.210021065299399,11001,"Bogota"
"256",2020-10-27,1,0.207784274947112,11001,"Bogota"
"257",2020-10-28,1,0.205706114055042,11001,"Bogota"
"258",2020-10-29,1,0.20377681406216,11001,"Bogota"
"259",2020-10-30,1,0.201985658521863,11001,"Bogota"
"260",2020-10-31,1,0.200321046934051,11001,"Bogota"
"261",2020-11-01,1,0.19877056503505,11001,"Bogota"
"262",2020-11-02,1,0.197321061075049,11001,"Bogota"
"263",2020-11-03,1,0.195958727566193,11001,"Bogota"
"264",2020-11-04,1,0.19466918794105,11001,"Bogota"
"265",2020-11-05,1,0.193437587522068,11001,"Bogota"
"266",2020-11-06,1,0.192248688167335,11001,"Bogota"
"267",2020-11-07,1,0.191086965927278,11001,"Bogota"
"268",2020-11-08,1,0.189936711020802,11001,"Bogota"
"269",2020-11-09,1,0.188782129418134,11001,"Bogota"
"270",2020-11-10,1,0.18760744530127,11001,"Bogota"
"271",2020-11-11,1,0.18639700366176,11001,"Bogota"
"272",2020-11-12,1,0.185135372289556,11001,"Bogota"
"273",2020-11-13,1,0.183807442405717,11001,"Bogota"
"274",2020-11-14,1,0.18239852719631,11001,"Bogota"
"275",2020-11-15,1,0.180894457514212,11001,"Bogota"
"276",2020-11-16,1,0.17928167403039,11001,"Bogota"
"277",2020-11-17,1,0.177547315135614,11001,"Bogota"
"278",2020-11-18,1,0.17567929991813,11001,"Bogota"
"279",2020-11-19,1,0.173666405571869,11001,"Bogota"
"280",2020-11-20,1,0.171498338623144,11001,"Bogota"
"281",2020-11-21,1,0.169165799401367,11001,"Bogota"
"282",2020-11-22,1,0.1666605392208,11001,"Bogota"
"283",2020-11-23,1,0.163975409785126,11001,"Bogota"
"284",2020-11-24,1,0.161104404374767,11001,"Bogota"
"285",2020-11-25,1,0.158042690427646,11001,"Bogota"
"286",2020-11-26,1,0.154786633177276,11001,"Bogota"
"287",2020-11-27,1,0.151333810067195,11001,"Bogota"
"288",2020-11-28,1,0.147683015717237,11001,"Bogota"
"289",2020-11-29,1,0.143834257274958,11001,"Bogota"
"290",2020-11-30,1,0.139788740043443,11001,"Bogota"
"291",2020-12-01,1,0.135548843335218,11001,"Bogota"
"292",2020-12-02,1,0.131118086559674,11001,"Bogota"
"293",2020-12-03,1,0.126501085608331,11001,"Bogota"
"294",2020-12-04,1,0.121703499657896,11001,"Bogota"
"295",2020-12-05,1,0.116731968564621,11001,"Bogota"
"296",2020-12-06,1,0.111594041074742,11001,"Bogota"
"297",2020-12-07,1,0.106298094124271,11001,"Bogota"
"298",2020-12-08,1,0.100853243546504,11001,"Bogota"
"299",2020-12-09,1,0.0952692465469889,11001,"Bogota"
"300",2020-12-10,1,0.0895563963428485,11001,"Bogota"
"301",2020-12-11,1,0.0837254093960704,11001,"Bogota"
"302",2020-12-12,1,0.0777873056978988,11001,"Bogota"
"303",2020-12-13,1,0.0717532825837002,11001,"Bogota"
"304",2020-12-14,1,0.0656345825743314,11001,"Bogota"
"305",2020-12-15,1,0.0594423557506196,11001,"Bogota"
"306",2020-12-16,1,0.053187517171408,11001,"Bogota"
"307",2020-12-17,1,0.0468805998439825,11001,"Bogota"
"308",2020-12-18,1,0.0405316037457495,11001,"Bogota"
"309",2020-12-19,1,0.0341498413804051,11001,"Bogota"
"310",2020-12-20,1,0.0277437803279414,11001,"Bogota"
"311",2020-12-21,1,0.021320883217641,11001,"Bogota"
"312",2020-12-22,1,0.0148874455140453,11001,"Bogota"
"313",2020-12-23,1,0.00844843146074159,11001,"Bogota"
"314",2020-12-24,1,0.00200730847255715,11001,"Bogota"
"315",2020-12-25,1,0.406718794046699,11001,"Bogota"
"316",2020-12-26,1,0.40302516616051,11001,"Bogota"
"317",2020-12-27,1,0.399331622257684,11001,"Bogota"
"318",2020-12-28,1,0.395638303816559,11001,"Bogota"
"319",2020-12-29,1,0.391945419062674,11001,"Bogota"
"320",2020-12-30,1,0.388253240177105,11001,"Bogota"
"321",2020-12-31,1,0.384562100526193,11001,"Bogota"
"322",2021-01-01,1,0.380872391912803,11001,"Bogota"
"323",2021-01-02,1,0.377184561849342,11001,"Bogota"
"324",2021-01-03,1,0.373499110852845,11001,"Bogota"
"325",2021-01-04,1,0.36981658976246,11001,"Bogota"
"326",2021-01-05,1,0.366137597079695,11001,"Bogota"
"327",2021-01-06,1,0.36246277633183,11001,"Bogota"
"328",2021-01-07,1,0.358792813459029,11001,"Bogota"
"329",2021-01-08,1,0.355128434225605,11001,"Bogota"
"330",2021-01-09,1,0.351470401655933,11001,"Bogota"
"331",2021-01-10,1,0.347819513495677,11001,"Bogota"
"332",2021-01-11,1,0.344176599698891,11001,"Bogota"
"333",2021-01-12,1,0.340542519941626,11001,"Bogota"
"334",2021-01-13,1,0.336918161162696,11001,"Bogota"
"335",2021-01-14,1,0.333304435132325,11001,"Bogota"
"336",2021-01-15,1,0.329702276049351,11001,"Bogota"
"337",2021-01-16,1,0.326112638167747,11001,"Bogota"
"338",2021-01-17,1,0.32253649345319,11001,"Bogota"
"339",2021-01-18,1,0.318974829270452,11001,"Bogota"
"340",2021-01-19,1,0.315428646102367,11001,"Bogota"
"341",2021-01-20,1,0.311898955301244,11001,"Bogota"
"342",2021-01-21,1,0.308386776873441,11001,"Bogota"
"343",2021-01-22,1,0.304893137297951,11001,"Bogota"
"344",2021-01-23,1,0.30141906737985,11001,"Bogota"
"345",2021-01-24,1,0.297965600139363,11001,"Bogota"
"346",2021-01-25,1,0.294533768737413,11001,"Bogota"
"347",2021-01-26,1,0.291124604438513,11001,"Bogota"
"348",2021-01-27,1,0.287739134611757,11001,"Bogota"
"349",2021-01-28,1,0.284378380770769,11001,"Bogota"
"350",2021-01-29,1,0.281043356653445,11001,"Bogota"
"351",2021-01-30,1,0.277735066342255,11001,"Bogota"
"352",2021-01-31,1,0.274454502425961,11001,"Bogota"
"353",2021-02-01,1,0.271202644203501,11001,"Bogota"
"354",2021-02-02,1,0.267980455930846,11001,"Bogota"
"355",2021-02-03,1,0.264788885111583,11001,"Bogota"
"356",2021-02-04,1,0.261628860832025,11001,"Bogota"
"357",2021-02-05,1,0.258501292141485,11001,"Bogota"
"358",2021-02-06,1,0.255407066478579,11001,"Bogota"
"359",2021-02-07,1,0.252347048144146,11001,"Bogota"
"360",2021-02-08,1,0.24932207682149,11001,"Bogota"
"361",2021-02-09,1,0.246332966144657,11001,"Bogota"
"362",2021-02-10,1,0.243380502315337,11001,"Bogota"
"363",2021-02-11,1,0.240465442769016,11001,"Bogota"
"364",2021-02-12,1,0.237588514890966,11001,"Bogota"
"365",2021-02-13,1,0.234750414782637,11001,"Bogota"
"366",2021-02-14,1,0.231951806079009,11001,"Bogota"
"367",2021-02-15,1,0.229193318817342,11001,"Bogota"
"368",2021-02-16,1,0.226475548357879,11001,"Bogota"
"369",2021-02-17,1,0.223799054356892,11001,"Bogota"
"370",2021-02-18,1,0.221164359792516,11001,"Bogota"
"371",2021-02-19,1,0.218571950043737,11001,"Bogota"
"372",2021-02-20,1,0.216022272022838,11001,"Bogota"
"373",2021-02-21,1,0.213515733361724,11001,"Bogota"
"374",2021-02-22,1,0.211052701652277,11001,"Bogota"
"375",2021-02-23,1,0.208633503741059,11001,"Bogota"
"376",2021-02-24,1,0.206258425078548,11001,"Bogota"
"377",2021-02-25,1,0.203927709123069,11001,"Bogota"
"378",2021-02-26,1,0.201641556799516,11001,"Bogota"
"379",2021-02-27,1,0.199400126013048,11001,"Bogota"
"380",2021-02-28,1,0.197203531217671,11001,"Bogota"
"381",2021-03-01,1,0.195051843039855,11001,"Bogota"
"382",2021-03-02,1,0.192945087957049,11001,"Bogota"
"383",2021-03-03,1,0.190883248031093,11001,"Bogota"
"384",2021-03-04,1,0.188866260696383,11001,"Bogota"
"385",2021-03-05,1,0.186894018602634,11001,"Bogota"
"386",2021-03-06,1,0.18496636951206,11001,"Bogota"
"387",2021-03-07,1,0.183083116250766,11001,"Bogota"
"388",2021-03-08,1,0.181244016713994,11001,"Bogota"
"389",2021-03-09,1,0.179448783924989,11001,"Bogota"
"390",2021-03-10,1,0.177697086147092,11001,"Bogota"
"391",2021-03-11,1,0.175988547048658,11001,"Bogota"
"392",2021-03-12,1,0.174322745920327,11001,"Bogota"
"393",2021-03-13,1,0.17269921794426,11001,"Bogota"
"394",2021-03-14,1,0.171117454514686,11001,"Bogota"
"395",2021-03-15,1,0.169576903609302,11001,"Bogota"
"396",2021-03-16,1,0.168076970210849,11001,"Bogota"
"397",2021-03-17,1,0.166617016778256,11001,"Bogota"
"398",2021-03-18,1,0.165196363766643,11001,"Bogota"
"399",2021-03-19,1,0.163814290195471,11001,"Bogota"
"400",2021-03-20,1,0.162470034264052,11001,"Bogota"
"401",2021-03-21,1,0.161162794013617,11001,"Bogota"
"402",2021-03-22,1,0.159891728035128,11001,"Bogota"
"403",2021-03-23,1,0.158655956221907,11001,"Bogota"
"404",2021-03-24,1,0.157454560566172,11001,"Bogota"
"405",2021-03-25,1,0.156286585998564,11001,"Bogota"
"406",2021-03-26,1,0.155151041269592,11001,"Bogota"
"407",2021-03-27,1,0.154046899872074,11001,"Bogota"
"408",2021-03-28,1,0.152973101003387,11001,"Bogota"
"409",2021-03-29,1,0.151928550566562,11001,"Bogota"
"410",2021-03-30,1,0.150912122208957,11001,"Bogota"
"411",2021-03-31,1,0.149922658397476,11001,"Bogota"
"412",2021-04-01,1,0.148958971529049,11001,"Bogota"
"413",2021-04-02,1,0.148019845075189,11001,"Bogota"
"414",2021-04-03,1,0.147104034759366,11001,"Bogota"
"415",2021-04-04,1,0.146210269765924,11001,"Bogota"
"416",2021-04-05,1,0.145337253979222,11001,"Bogota"
"417",2021-04-06,1,0.144483667251672,11001,"Bogota"
"418",2021-04-07,1,0.143648166699321,11001,"Bogota"
"419",2021-04-08,1,0.14282938802357,11001,"Bogota"
"420",2021-04-09,1,0.142025946857671,11001,"Bogota"
"421",2021-04-10,1,0.141236440136528,11001,"Bogota"
"422",2021-04-11,1,0.140459447488377,11001,"Bogota"
"423",2021-04-12,1,0.139693532646879,11001,"Bogota"
"424",2021-04-13,1,0.138937244882148,11001,"Bogota"
"425",2021-04-14,1,0.138189120449202,11001,"Bogota"
"426",2021-04-15,1,0.13744768405231,11001,"Bogota"
"427",2021-04-16,1,0.136711450323777,11001,"Bogota"
"428",2021-04-17,1,0.135978925315497,11001,"Bogota"
"429",2021-04-18,1,0.135248608001875,11001,"Bogota"
"430",2021-04-19,1,0.134518991792424,11001,"Bogota"
"431",2021-04-20,1,0.133788566052554,11001,"Bogota"
"432",2021-04-21,1,0.133055817630949,11001,"Bogota"
"433",2021-04-22,1,0.132319232391917,11001,"Bogota"
"434",2021-04-23,1,0.131577296751211,11001,"Bogota"
"435",2021-04-24,1,0.130828499213627,11001,"Bogota"
"436",2021-04-25,1,0.130071331910899,11001,"Bogota"
"437",2021-04-26,1,0.129304292138212,11001,"Bogota"
"438",2021-04-27,1,0.128525883887802,11001,"Bogota"
"439",2021-04-28,1,0.127734619378045,11001,"Bogota"
"440",2021-04-29,1,0.126929020576456,11001,"Bogota"
"441",2021-04-30,1,0.126107620715043,11001,"Bogota"
"442",2021-05-01,1,0.125268965796412,11001,"Bogota"
"443",2021-05-02,1,0.12441161608913,11001,"Bogota"
"444",2021-05-03,1,0.123534147610764,11001,"Bogota"
"445",2021-05-04,1,0.122635153597076,11001,"Bogota"
"446",2021-05-05,1,0.121713245955859,11001,"Bogota"
"447",2021-05-06,1,0.120767056703921,11001,"Bogota"
"448",2021-05-07,1,0.119795239385734,11001,"Bogota"
"449",2021-05-08,1,0.118796470472285,11001,"Bogota"
"450",2021-05-09,1,0.117769450738646,11001,"Bogota"
"451",2021-05-10,1,0.116712906618932,11001,"Bogota"
"452",2021-05-11,1,0.115625591537146,11001,"Bogota"
"453",2021-05-12,1,0.114506287212599,11001,"Bogota"
"454",2021-05-13,1,0.11335380493853,11001,"Bogota"
"455",2021-05-14,1,0.11216698683262,11001,"Bogota"
"456",2021-05-15,1,0.110944707058069,11001,"Bogota"
"457",2021-05-16,1,0.109685873014013,11001,"Bogota"
"458",2021-05-17,1,0.10838942649403,11001,"Bogota"
"459",2021-05-18,1,0.107054344811513,11001,"Bogota"
"460",2021-05-19,1,0.105679641890773,11001,"Bogota"
"461",2021-05-20,1,0.104264369322701,11001,"Bogota"
"462",2021-05-21,1,0.102807617383935,11001,"Bogota"
"463",2021-05-22,1,0.101308516018422,11001,"Bogota"
"464",2021-05-23,1,0.0997662357803674,11001,"Bogota"
"465",2021-05-24,1,0.0981799887376219,11001,"Bogota"
"466",2021-05-25,1,0.0965490293344778,11001,"Bogota"
"467",2021-05-26,1,0.094872655213065,11001,"Bogota"
"468",2021-05-27,1,0.0931502079924136,11001,"Bogota"
"469",2021-05-28,1,0.0913810740043836,11001,"Bogota"
"470",2021-05-29,1,0.0895646849857138,11001,"Bogota"
"471",2021-05-30,1,0.0877005187253966,11001,"Bogota"
"472",2021-05-31,1,0.0857880996667696,11001,"Bogota"
"473",2021-06-01,1,0.0838269994635985,11001,"Bogota"
"474",2021-06-02,1,0.0818168374896495,11001,"Bogota"
"475",2021-06-03,1,0.0797572813011217,11001,"Bogota"
"476",2021-06-04,1,0.0776480470514884,11001,"Bogota"
"477",2021-06-05,1,0.0754888998583062,11001,"Bogota"
"478",2021-06-06,1,0.0732796541215453,11001,"Bogota"
"479",2021-06-07,1,0.0710201737931409,11001,"Bogota"
"480",2021-06-08,1,0.0687103725974418,11001,"Bogota"
"481",2021-06-09,1,0.0663502142023042,11001,"Bogota"
"482",2021-06-10,1,0.0639397123406377,11001,"Bogota"
"483",2021-06-11,1,0.0614789308822788,11001,"Bogota"
"484",2021-06-12,1,0.0589679838560371,11001,"Bogota"
"485",2021-06-13,1,0.0564070354219384,11001,"Bogota"
"486",2021-06-14,1,0.0537962997936289,11001,"Bogota"
"487",2021-06-15,1,0.0511360411110132,11001,"Bogota"
"488",2021-06-16,1,0.0484265732632218,11001,"Bogota"
"489",2021-06-17,1,0.0456682596621124,11001,"Bogota"
"490",2021-06-18,1,0.0428615129664567,11001,"Bogota"
"491",2021-06-19,1,0.0400067947571338,11001,"Bogota"
"492",2021-06-20,1,0.0371046151636173,11001,"Bogota"
"493",2021-06-21,1,0.0341555324421248,11001,"Bogota"
"494",2021-06-22,1,0.0311601525058589,11001,"Bogota"
"495",2021-06-23,1,0.0281191284077945,11001,"Bogota"
"496",2021-06-24,1,0.025033159776552,11001,"Bogota"
"497",2021-06-25,1,0.0219029922058942,11001,"Bogota"
"498",2021-06-26,1,0.018729416598484,11001,"Bogota"
"499",2021-06-27,1,0.01551326846456,11001,"Bogota"
"500",2021-06-28,1,0.0122554271762531,11001,"Bogota"
"501",2021-06-29,1,0.00895681517826891,11001,"Bogota"
"502",2021-06-30,1,0.00561839715579554,11001,"Bogota"
"503",2021-07-01,1,0.00224117916042982,11001,"Bogota"
"504",2021-07-02,1,0,11001,"Bogota"
"505",2021-07-03,1,0,11001,"Bogota"
"506",2021-07-04,1,0,11001,"Bogota"
"507",2021-07-05,1,0,11001,"Bogota"
"508",2021-07-06,1,0,11001,"Bogota"
"509",2021-07-07,1,0,11001,"Bogota"
"510",2021-07-08,1,0,11001,"Bogota"
"511",2021-07-09,1,0,11001,"Bogota"
"512",2021-07-10,1,0,11001,"Bogota"
"513",2021-07-11,1,0,11001,"Bogota"
"514",2021-07-12,1,0,11001,"Bogota"
"515",2021-07-13,1,0,11001,"Bogota"
"516",2021-07-14,1,0,11001,"Bogota"
"517",2021-07-15,1,0,11001,"Bogota"
"518",2021-07-16,1,0,11001,"Bogota"
"519",2021-07-17,1,0,11001,"Bogota"
"520",2021-07-18,1,0,11001,"Bogota"
"521",2021-07-19,1,0,11001,"Bogota"
"522",2021-07-20,1,0,11001,"Bogota"
"523",2021-07-21,1,0,11001,"Bogota"
"524",2021-07-22,1,0,11001,"Bogota"
"525",2021-07-23,1,0,11001,"Bogota"
"526",2021-07-24,1,0,11001,"Bogota"
"527",2021-07-25,1,0,11001,"Bogota"
"528",2021-07-26,1,0,11001,"Bogota"
"529",2021-07-27,1,0,11001,"Bogota"
"530",2021-07-28,1,0,11001,"Bogota"
"531",2021-07-29,1,0,11001,"Bogota"
"532",2021-07-30,1,0,11001,"Bogota"
"533",2021-07-31,1,0,11001,"Bogota"
"534",2021-08-01,1,0,11001,"Bogota"
"535",2021-08-02,1,0,11001,"Bogota"
"536",2021-08-03,1,0,11001,"Bogota"
"537",2021-08-04,1,0,11001,"Bogota"
"538",2021-08-05,1,0,11001,"Bogota"
"539",2021-08-06,1,0,11001,"Bogota"
"540",2021-08-07,1,0,11001,"Bogota"
"541",2021-08-08,1,0,11001,"Bogota"
"542",2021-08-09,1,0,11001,"Bogota"
"543",2021-08-10,1,0,11001,"Bogota"
"544",2021-08-11,1,0,11001,"Bogota"
"545",2021-08-12,1,0,11001,"Bogota"
"546",2021-08-13,1,0,11001,"Bogota"
"547",2021-08-14,1,0,11001,"Bogota"
"548",2021-08-15,1,0,11001,"Bogota"
"549",2021-08-16,1,0,11001,"Bogota"
"550",2021-08-17,1,0,11001,"Bogota"
"551",2021-08-18,1,0,11001,"Bogota"
"552",2021-08-19,1,0,11001,"Bogota"
"553",2021-08-20,1,0,11001,"Bogota"
"554",2021-08-21,1,0,11001,"Bogota"
"555",2021-08-22,1,0,11001,"Bogota"
"556",2021-08-23,1,0,11001,"Bogota"
"557",2021-08-24,1,0,11001,"Bogota"
"558",2021-08-25,1,0,11001,"Bogota"
"559",2021-08-26,1,0,11001,"Bogota"
"560",2021-08-27,1,0,11001,"Bogota"
"561",2021-08-28,1,0,11001,"Bogota"
"562",2021-08-29,1,0,11001,"Bogota"
"563",2021-08-30,1,0,11001,"Bogota"
"564",2021-08-31,1,0,11001,"Bogota"
"565",2021-09-01,1,0,11001,"Bogota"
"566",2021-09-02,1,0,11001,"Bogota"
"567",2021-09-03,1,0,11001,"Bogota"
"568",2021-09-04,1,0,11001,"Bogota"
"569",2021-09-05,1,0,11001,"Bogota"
"570",2021-09-06,1,0,11001,"Bogota"
"571",2021-09-07,1,0,11001,"Bogota"
"572",2021-09-08,1,0,11001,"Bogota"
"573",2021-09-09,1,0,11001,"Bogota"
"574",2021-09-10,1,0,11001,"Bogota"
"575",2021-09-11,1,0,11001,"Bogota"
"576",2021-09-12,1,0,11001,"Bogota"
"577",2021-09-13,1,0,11001,"Bogota"
"578",2021-09-14,1,0,11001,"Bogota"
"579",2021-09-15,1,0,11001,"Bogota"
"580",2021-09-16,1,0,11001,"Bogota"
"581",2021-09-17,1,0,11001,"Bogota"
"582",2021-09-18,1,0,11001,"Bogota"
"583",2021-09-19,1,0,11001,"Bogota"
"584",2021-09-20,1,0,11001,"Bogota"
"585",2021-09-21,1,0,11001,"Bogota"
"586",2021-09-22,1,0,11001,"Bogota"
"587",2021-09-23,1,0,11001,"Bogota"
"588",2021-09-24,1,0,11001,"Bogota"
"589",2021-09-25,1,0,11001,"Bogota"
"590",2021-09-26,1,0,11001,"Bogota"
"591",2021-09-27,1,0,11001,"Bogota"
"592",2021-09-28,1,0,11001,"Bogota"
"593",2021-09-29,1,0,11001,"Bogota"
"594",2021-09-30,1,0,11001,"Bogota"
"595",2021-10-01,1,0,11001,"Bogota"
"596",2021-10-02,1,0,11001,"Bogota"
"597",2021-10-03,1,0,11001,"Bogota"
"598",2021-10-04,1,0,11001,"Bogota"
"599",2021-10-05,1,0,11001,"Bogota"
"600",2021-10-06,1,0,11001,"Bogota"
"601",2021-10-07,1,0,11001,"Bogota"
"602",2021-10-08,1,0,11001,"Bogota"
"603",2021-10-09,1,0,11001,"Bogota"
"604",2021-10-10,1,0,11001,"Bogota"
"605",2021-10-11,1,0,11001,"Bogota"
"606",2021-10-12,1,0,11001,"Bogota"
"607",2021-10-13,1,0,11001,"Bogota"
"608",2021-10-14,1,0,11001,"Bogota"
"609",2021-10-15,1,0,11001,"Bogota"
"610",2021-10-16,1,0,11001,"Bogota"
"611",2021-10-17,1,0,11001,"Bogota"
"612",2021-10-18,1,0,11001,"Bogota"
"613",2021-10-19,1,0,11001,"Bogota"
"614",2021-10-20,1,0,11001,"Bogota"
"615",2021-10-21,1,0,11001,"Bogota"
"616",2021-10-22,1,0,11001,"Bogota"
"617",2021-10-23,1,0,11001,"Bogota"
"618",2021-10-24,1,0,11001,"Bogota"
"619",2021-10-25,1,0,11001,"Bogota"
"620",2021-10-26,1,0,11001,"Bogota"
"621",2021-10-27,1,0,11001,"Bogota"
"622",2021-10-28,1,0,11001,"Bogota"
"623",2021-10-29,1,0,11001,"Bogota"
"624",2021-10-30,1,0,11001,"Bogota"
"625",2021-10-31,1,0,11001,"Bogota"
"626",2021-11-01,1,0,11001,"Bogota"
"627",2021-11-02,1,0,11001,"Bogota"
"628",2021-11-03,1,0,11001,"Bogota"
"629",2021-11-04,1,0,11001,"Bogota"
"630",2021-11-05,1,0,11001,"Bogota"
"631",2021-11-06,1,0,11001,"Bogota"
"632",2021-11-07,1,0,11001,"Bogota"
"633",2021-11-08,1,0,11001,"Bogota"
"634",2021-11-09,1,0,11001,"Bogota"
"635",2021-11-10,1,0,11001,"Bogota"
"636",2021-11-11,1,0,11001,"Bogota"
"637",2021-11-12,1,0,11001,"Bogota"
"638",2021-11-13,1,0,11001,"Bogota"
"639",2021-11-14,1,0,11001,"Bogota"
"640",2021-11-15,1,0,11001,"Bogota"
"641",2021-11-16,1,0,11001,"Bogota"
"642",2021-11-17,1,0,11001,"Bogota"
"643",2021-11-18,1,0,11001,"Bogota"
"644",2021-11-19,1,0,11001,"Bogota"
"645",2021-11-20,1,0,11001,"Bogota"
"646",2021-11-21,1,0,11001,"Bogota"
"647",2021-11-22,1,0,11001,"Bogota"
"648",2021-11-23,1,0,11001,"Bogota"
"649",2021-11-24,1,0,11001,"Bogota"
"650",2021-11-25,1,0,11001,"Bogota"
"651",2021-11-26,1,0,11001,"Bogota"
"652",2021-11-27,1,0,11001,"Bogota"
"653",2021-11-28,1,0,11001,"Bogota"
"654",2021-11-29,1,0,11001,"Bogota"
"655",2021-11-30,1,0,11001,"Bogota"
"656",2021-12-01,1,0,11001,"Bogota"
"657",2021-12-02,1,0,11001,"Bogota"
"658",2021-12-03,1,0,11001,"Bogota"
"659",2021-12-04,1,0,11001,"Bogota"
"660",2021-12-05,1,0,11001,"Bogota"
"661",2021-12-06,1,0,11001,"Bogota"
"662",2021-12-07,1,0,11001,"Bogota"
"663",2021-12-08,1,0,11001,"Bogota"
"664",2021-12-09,1,0,11001,"Bogota"
"665",2021-12-10,1,0,11001,"Bogota"
"666",2021-12-11,1,0,11001,"Bogota"
"667",2021-12-12,1,0,11001,"Bogota"
"668",2021-12-13,1,0,11001,"Bogota"
"669",2021-12-14,1,0,11001,"Bogota"
"670",2021-12-15,1,0,11001,"Bogota"
"671",2021-12-16,1,0,11001,"Bogota"
"672",2021-12-17,1,0,11001,"Bogota"
"673",2021-12-18,1,0,11001,"Bogota"
"674",2021-12-19,1,0,11001,"Bogota"
"675",2021-12-20,1,0,11001,"Bogota"
"676",2021-12-21,1,0,11001,"Bogota"
"677",2021-12-22,1,0,11001,"Bogota"
"678",2021-12-23,1,0,11001,"Bogota"
"679",2021-12-24,1,0,11001,"Bogota"
"680",2021-12-25,1,0,11001,"Bogota"
"681",2021-12-26,1,0,11001,"Bogota"
"682",2021-12-27,1,0,11001,"Bogota"
"683",2021-12-28,1,0,11001,"Bogota"
"684",2021-12-29,1,0,11001,"Bogota"
"685",2021-12-30,1,0,11001,"Bogota"
"686",2021-12-31,1,0,11001,"Bogota"
"687",2022-01-01,1,0,11001,"Bogota"
"688",2022-01-02,1,0,11001,"Bogota"
"689",2022-01-03,1,0,11001,"Bogota"
"690",2022-01-04,1,0,11001,"Bogota"
"691",2022-01-05,1,0,11001,"Bogota"
"692",2022-01-06,1,0,11001,"Bogota"
"693",2022-01-07,1,0,11001,"Bogota"
"694",2022-01-08,1,0,11001,"Bogota"
"695",2022-01-09,1,0,11001,"Bogota"
"696",2022-01-10,1,0,11001,"Bogota"
"697",2022-01-11,1,0,11001,"Bogota"
"698",2022-01-12,1,0,11001,"Bogota"
"699",2022-01-13,1,0,11001,"Bogota"
"700",2022-01-14,1,0,11001,"Bogota"
"701",2022-01-15,1,0,11001,"Bogota"
"702",2022-01-16,1,0,11001,"Bogota"
"703",2022-01-17,1,0,11001,"Bogota"
"704",2022-01-18,1,0,11001,"Bogota"
"705",2022-01-19,1,0,11001,"Bogota"
"706",2022-01-20,1,0,11001,"Bogota"
"707",2022-01-21,1,0,11001,"Bogota"
"708",2022-01-22,1,0,11001,"Bogota"
"709",2022-01-23,1,0,11001,"Bogota"
"710",2022-01-24,1,0,11001,"Bogota"
"711",2022-01-25,1,0,11001,"Bogota"
"712",2022-01-26,1,0,11001,"Bogota"
"713",2022-01-27,1,0,11001,"Bogota"
"714",2022-01-28,1,0,11001,"Bogota"
"715",2022-01-29,1,0,11001,"Bogota"
"716",2022-01-30,1,0,11001,"Bogota"
"717",2022-01-31,1,0,11001,"Bogota"
"718",2022-02-01,1,0,11001,"Bogota"
"719",2022-02-02,1,0,11001,"Bogota"
"720",2022-02-03,1,0,11001,"Bogota"
"721",2022-02-04,1,0,11001,"Bogota"
"722",2022-02-05,1,0,11001,"Bogota"
"723",2022-02-06,1,0,11001,"Bogota"
"724",2022-02-07,1,0,11001,"Bogota"
"725",2022-02-08,1,0,11001,"Bogota"
"726",2022-02-09,1,0,11001,"Bogota"
"727",2022-02-10,1,0,11001,"Bogota"
"728",2022-02-11,1,0,11001,"Bogota"
"729",2022-02-12,1,0,11001,"Bogota"
"730",2022-02-13,1,0,11001,"Bogota"
"731",2022-02-14,1,0,11001,"Bogota"
"732",2022-02-15,1,0,11001,"Bogota"
"733",2022-02-16,1,0,11001,"Bogota"
"734",2022-02-17,1,0,11001,"Bogota"
"735",2022-02-18,1,0,11001,"Bogota"
"736",2022-02-19,1,0,11001,"Bogota"
"737",2022-02-20,1,0,11001,"Bogota"
"738",2022-02-21,1,0,11001,"Bogota"
"739",2022-02-22,1,0,11001,"Bogota"
"740",2022-02-23,1,0,11001,"Bogota"
"741",2022-02-24,1,0,11001,"Bogota"
"742",2022-02-25,1,0,11001,"Bogota"
"743",2022-02-26,1,0,11001,"Bogota"
"744",2022-02-27,1,0,11001,"Bogota"
"745",2022-02-28,1,0,11001,"Bogota"
"746",2022-03-01,1,0,11001,"Bogota"
"747",2022-03-02,1,0,11001,"Bogota"
"748",2022-03-03,1,0,11001,"Bogota"
"749",2022-03-04,1,0,11001,"Bogota"
"750",2022-03-05,1,0,11001,"Bogota"
"751",2022-03-06,1,0,11001,"Bogota"
"752",2022-03-07,1,0,11001,"Bogota"
"753",2022-03-08,1,0,11001,"Bogota"
"754",2022-03-09,1,0,11001,"Bogota"
"755",2022-03-10,1,0,11001,"Bogota"
"756",2022-03-11,1,0,11001,"Bogota"
"757",2022-03-12,1,0,11001,"Bogota"
"758",2022-03-13,1,0,11001,"Bogota"
"759",2022-03-14,1,0,11001,"Bogota"
"760",2022-03-15,1,0,11001,"Bogota"
"761",2022-03-16,1,0,11001,"Bogota"
"762",2022-03-17,1,0,11001,"Bogota"
"763",2022-03-18,1,0,11001,"Bogota"
"764",2022-03-19,1,0,11001,"Bogota"
"765",2022-03-20,1,0,11001,"Bogota"
"766",2022-03-21,1,0,11001,"Bogota"
"767",2022-03-22,1,0,11001,"Bogota"
"768",2022-03-23,1,0,11001,"Bogota"
"769",2022-03-24,1,0,11001,"Bogota"
"770",2022-03-25,1,0,11001,"Bogota"
"771",2022-03-26,1,0,11001,"Bogota"
"772",2022-03-27,1,0,11001,"Bogota"
"773",2022-03-28,1,0,11001,"Bogota"
"774",2022-03-29,1,0,11001,"Bogota"
"775",2022-03-30,1,0,11001,"Bogota"
"776",2022-03-31,1,0,11001,"Bogota"
"777",2022-04-01,1,0,11001,"Bogota"
"778",2022-04-02,1,0,11001,"Bogota"
"779",2022-04-03,1,0,11001,"Bogota"
"780",2022-04-04,1,0,11001,"Bogota"
"781",2022-04-05,1,0,11001,"Bogota"
"782",2022-04-06,1,0,11001,"Bogota"
"783",2022-04-07,1,0,11001,"Bogota"
"784",2022-04-08,1,0,11001,"Bogota"
"785",2022-04-09,1,0,11001,"Bogota"
"786",2022-04-10,1,0,11001,"Bogota"
"787",2022-04-11,1,0,11001,"Bogota"
"788",2022-04-12,1,0,11001,"Bogota"
"789",2022-04-13,1,0,11001,"Bogota"
"790",2022-04-14,1,0,11001,"Bogota"
"791",2022-04-15,1,0,11001,"Bogota"
"792",2022-04-16,1,0,11001,"Bogota"
"793",2022-04-17,1,0,11001,"Bogota"
"794",2022-04-18,1,0,11001,"Bogota"
"795",2022-04-19,1,0,11001,"Bogota"
"796",2022-04-20,1,0,11001,"Bogota"
"797",2022-04-21,1,0,11001,"Bogota"
"798",2022-04-22,1,0,11001,"Bogota"
"799",2022-04-23,1,0,11001,"Bogota"
"800",2022-04-24,1,0,11001,"Bogota"
"801",2022-04-25,1,0,11001,"Bogota"
"802",2022-04-26,1,0,11001,"Bogota"
"803",2022-04-27,1,0,11001,"Bogota"
"804",2022-04-28,1,0,11001,"Bogota"
"805",2022-04-29,1,0,11001,"Bogota"
"806",2022-04-30,1,0,11001,"Bogota"
"807",2022-05-01,1,0,11001,"Bogota"
"808",2022-05-02,1,0,11001,"Bogota"
"809",2022-05-03,1,0,11001,"Bogota"
"810",2022-05-04,1,0,11001,"Bogota"
"811",2022-05-05,1,0,11001,"Bogota"
"812",2022-05-06,1,0,11001,"Bogota"
"813",2022-05-07,1,0,11001,"Bogota"
"814",2022-05-08,1,0,11001,"Bogota"
"815",2022-05-09,1,0,11001,"Bogota"
"816",2022-05-10,1,0,11001,"Bogota"
"817",2022-05-11,1,0,11001,"Bogota"
"818",2022-05-12,1,0,11001,"Bogota"
"819",2022-05-13,1,0,11001,"Bogota"
"820",2022-05-14,1,0,11001,"Bogota"
"821",2022-05-15,1,0,11001,"Bogota"
"822",2022-05-16,1,0,11001,"Bogota"
"823",2022-05-17,1,0,11001,"Bogota"
"824",2022-05-18,1,0,11001,"Bogota"
"825",2022-05-19,1,0,11001,"Bogota"
"826",2022-05-20,1,0,11001,"Bogota"
"827",2022-05-21,1,0,11001,"Bogota"
"828",2022-05-22,1,0,11001,"Bogota"
"829",2022-05-23,1,0,11001,"Bogota"
"830",2022-05-24,1,0,11001,"Bogota"
"831",2022-05-25,1,0,11001,"Bogota"
"832",2022-05-26,1,0,11001,"Bogota"
"833",2022-05-27,1,0,11001,"Bogota"
"834",2022-05-28,1,0,11001,"Bogota"
"835",2022-05-29,1,0,11001,"Bogota"
"836",2022-05-30,1,0,11001,"Bogota"
"837",2022-05-31,1,0,11001,"Bogota"
"838",2022-06-01,1,0,11001,"Bogota"
"839",2022-06-02,1,0,11001,"Bogota"
"840",2022-06-03,1,0,11001,"Bogota"
"841",2022-06-04,1,0,11001,"Bogota"
"842",2022-06-05,1,0,11001,"Bogota"
"843",2022-06-06,1,0,11001,"Bogota"
"844",2022-06-07,1,0,11001,"Bogota"
"845",2022-06-08,1,0,11001,"Bogota"
"846",2022-06-09,1,0,11001,"Bogota"
"847",2022-06-10,1,0,11001,"Bogota"
"848",2022-06-11,1,0,11001,"Bogota"
"849",2022-06-12,1,0,11001,"Bogota"
"850",2022-06-13,1,0,11001,"Bogota"
"851",2022-06-14,1,0,11001,"Bogota"
"852",2022-06-15,1,0,11001,"Bogota"
"853",2022-06-16,1,0,11001,"Bogota"
"854",2022-06-17,1,0,11001,"Bogota"
"855",2022-06-18,1,0,11001,"Bogota"
"856",2022-06-19,1,0,11001,"Bogota"
"857",2022-06-20,1,0,11001,"Bogota"
"858",2022-06-21,1,0,11001,"Bogota"
"859",2022-06-22,1,0,11001,"Bogota"
"860",2022-06-23,1,0,11001,"Bogota"
"861",2022-06-24,1,0,11001,"Bogota"
"862",2022-06-25,1,0,11001,"Bogota"
"863",2022-06-26,1,0,11001,"Bogota"
"864",2022-06-27,1,0,11001,"Bogota"
"865",2022-06-28,1,0,11001,"Bogota"
"866",2022-06-29,1,0,11001,"Bogota"
"867",2022-06-30,1,0,11001,"Bogota"
"868",2022-07-01,1,0,11001,"Bogota"
"869",2022-07-02,1,0,11001,"Bogota"
"870",2022-07-03,1,0,11001,"Bogota"
"871",2022-07-04,1,0,11001,"Bogota"
"872",2022-07-05,1,0,11001,"Bogota"
"873",2022-07-06,1,0,11001,"Bogota"
"874",2022-07-07,1,0,11001,"Bogota"
"875",2022-07-08,1,0,11001,"Bogota"
"876",2022-07-09,1,0,11001,"Bogota"
"877",2022-07-10,1,0,11001,"Bogota"
"878",2022-07-11,1,0,11001,"Bogota"
"879",2022-07-12,1,0,11001,"Bogota"
"880",2022-07-13,1,0,11001,"Bogota"
"881",2022-07-14,1,0,11001,"Bogota"
"882",2022-07-15,1,0,11001,"Bogota"
"883",2022-07-16,1,0,11001,"Bogota"
"884",2022-07-17,1,0,11001,"Bogota"
"885",2022-07-18,1,0,11001,"Bogota"
"886",2022-07-19,1,0,11001,"Bogota"
"887",2022-07-20,1,0,11001,"Bogota"
"888",2022-07-21,1,0,11001,"Bogota"
"889",2022-07-22,1,0,11001,"Bogota"
"890",2022-07-23,1,0,11001,"Bogota"
"891",2022-07-24,1,0,11001,"Bogota"
"892",2022-07-25,1,0,11001,"Bogota"
"893",2022-07-26,1,0,11001,"Bogota"
"894",2022-07-27,1,0,11001,"Bogota"
"895",2022-07-28,1,0,11001,"Bogota"
"896",2022-07-29,1,0,11001,"Bogota"
"897",2022-07-30,1,0,11001,"Bogota"
"898",2022-07-31,1,0,11001,"Bogota"
"899",2022-08-01,1,0,11001,"Bogota"
"900",2022-08-02,1,0,11001,"Bogota"
"901",2022-08-03,1,0,11001,"Bogota"
"902",2022-08-04,1,0,11001,"Bogota"
"903",2022-08-05,1,0,11001,"Bogota"
"904",2022-08-06,1,0,11001,"Bogota"
"905",2022-08-07,1,0,11001,"Bogota"
"906",2022-08-08,1,0,11001,"Bogota"
"907",2022-08-09,1,0,11001,"Bogota"
"908",2022-08-10,1,0,11001,"Bogota"
"909",2022-08-11,1,0,11001,"Bogota"
"910",2022-08-12,1,0,11001,"Bogota"
"911",2022-08-13,1,0,11001,"Bogota"
"912",2022-08-14,1,0,11001,"Bogota"
"913",2022-08-15,1,0,11001,"Bogota"
"914",2022-08-16,1,0,11001,"Bogota"
"915",2022-08-17,1,0,11001,"Bogota"
"916",2022-08-18,1,0,11001,"Bogota"
"917",2022-08-19,1,0,11001,"Bogota"
"918",2022-08-20,1,0,11001,"Bogota"
"919",2022-08-21,1,0,11001,"Bogota"
"920",2022-08-22,1,0,11001,"Bogota"
"921",2022-08-23,1,0,11001,"Bogota"
"922",2022-08-24,1,0,11001,"Bogota"
"923",2022-08-25,1,0,11001,"Bogota"
"924",2022-08-26,1,0,11001,"Bogota"
"925",2022-08-27,1,0,11001,"Bogota"
"926",2022-08-28,1,0,11001,"Bogota"
"927",2022-08-29,1,0,11001,"Bogota"
"928",2022-08-30,1,0,11001,"Bogota"
"929",2022-08-31,1,0,11001,"Bogota"
"930",2022-09-01,1,0,11001,"Bogota"
"931",2022-09-02,1,0,11001,"Bogota"
"932",2022-09-03,1,0,11001,"Bogota"
"933",2022-09-04,1,0,11001,"Bogota"
"934",2022-09-05,1,0,11001,"Bogota"
"935",2022-09-06,1,0,11001,"Bogota"
"936",2022-09-07,1,0,11001,"Bogota"
"937",2022-09-08,1,0,11001,"Bogota"
"938",2022-09-09,1,0,11001,"Bogota"
"939",2022-09-10,1,0,11001,"Bogota"
"940",2022-09-11,1,0,11001,"Bogota"
"941",2022-09-12,1,0,11001,"Bogota"
"942",2022-09-13,1,0,11001,"Bogota"
"943",2022-09-14,1,0,11001,"Bogota"
"944",2022-09-15,1,0,11001,"Bogota"
"945",2022-09-16,1,0,11001,"Bogota"
"946",2022-09-17,1,0,11001,"Bogota"
"947",2022-09-18,1,0,11001,"Bogota"
"948",2022-09-19,1,0,11001,"Bogota"
"949",2022-09-20,1,0,11001,"Bogota"
"950",2022-09-21,1,0,11001,"Bogota"
"951",2022-09-22,1,0,11001,"Bogota"
"952",2022-09-23,1,0,11001,"Bogota"
"953",2022-09-24,1,0,11001,"Bogota"
"954",2022-09-25,1,0,11001,"Bogota"
"955",2022-09-26,1,0,11001,"Bogota"
"956",2022-09-27,1,0,11001,"Bogota"
"957",2022-09-28,1,0,11001,"Bogota"
"958",2022-09-29,1,0,11001,"Bogota"
"959",2022-09-30,1,0,11001,"Bogota"
"960",2022-10-01,1,0,11001,"Bogota"
"961",2022-10-02,1,0,11001,"Bogota"
"962",2022-10-03,1,0,11001,"Bogota"
"963",2022-10-04,1,0,11001,"Bogota"
"964",2022-10-05,1,0,11001,"Bogota"
"965",2022-10-06,1,0,11001,"Bogota"
"966",2022-10-07,1,0,11001,"Bogota"
"967",2022-10-08,1,0,11001,"Bogota"
"968",2022-10-09,1,0,11001,"Bogota"
"969",2022-10-10,1,0,11001,"Bogota"
"970",2022-10-11,1,0,11001,"Bogota"
"971",2022-10-12,1,0,11001,"Bogota"
"972",2022-10-13,1,0,11001,"Bogota"
"973",2022-10-14,1,0,11001,"Bogota"
"974",2022-10-15,1,0,11001,"Bogota"
"975",2022-10-16,1,0,11001,"Bogota"
"976",2022-10-17,1,0,11001,"Bogota"
"977",2022-10-18,1,0,11001,"Bogota"
"978",2022-10-19,1,0,11001,"Bogota"
"979",2022-10-20,1,0,11001,"Bogota"
"980",2022-10-21,1,0,11001,"Bogota"
"981",2022-10-22,1,0,11001,"Bogota"
"982",2022-10-23,1,0,11001,"Bogota"
"983",2022-10-24,1,0,11001,"Bogota"
"984",2022-10-25,1,0,11001,"Bogota"
"985",2022-10-26,1,0,11001,"Bogota"
"986",2022-10-27,1,0,11001,"Bogota"
"987",2022-10-28,1,0,11001,"Bogota"
"988",2022-10-29,1,0,11001,"Bogota"
"989",2022-10-30,1,0,11001,"Bogota"
"990",2022-10-31,1,0,11001,"Bogota"
"991",2022-11-01,1,0,11001,"Bogota"
"992",2022-11-02,1,0,11001,"Bogota"
"993",2022-11-03,1,0,11001,"Bogota"
"994",2022-11-04,1,0,11001,"Bogota"
"995",2022-11-05,1,0,11001,"Bogota"
"996",2022-11-06,1,0,11001,"Bogota"
"997",2022-11-07,1,0,11001,"Bogota"
"998",2022-11-08,1,0,11001,"Bogota"
"999",2022-11-09,1,0,11001,"Bogota"
"1000",2022-11-10,1,0,11001,"Bogota"
"1001",2022-11-11,1,0,11001,"Bogota"
"1002",2022-11-12,1,0,11001,"Bogota"
"1003",2022-11-13,1,0,11001,"Bogota"
"1004",2022-11-14,1,0,11001,"Bogota"
"1005",2022-11-15,1,0,11001,"Bogota"
"1006",2022-11-16,1,0,11001,"Bogota"
"1007",2022-11-17,1,0,11001,"Bogota"
"1008",2022-11-18,1,0,11001,"Bogota"
"1009",2022-11-19,1,0,11001,"Bogota"
"1010",2022-11-20,1,0,11001,"Bogota"
"1011",2022-11-21,1,0,11001,"Bogota"
"1012",2022-11-22,1,0,11001,"Bogota"
"1013",2022-11-23,1,0,11001,"Bogota"
"1014",2022-11-24,1,0,11001,"Bogota"
"1015",2022-11-25,1,0,11001,"Bogota"
"1016",2022-11-26,1,0,11001,"Bogota"
"1017",2022-11-27,1,0,11001,"Bogota"
"1018",2022-11-28,1,0,11001,"Bogota"
"1019",2022-11-29,1,0,11001,"Bogota"
"1020",2022-11-30,1,0,11001,"Bogota"
"1021",2022-12-01,1,0,11001,"Bogota"
"1022",2022-12-02,1,0,11001,"Bogota"
"1023",2022-12-03,1,0,11001,"Bogota"
"1024",2022-12-04,1,0,11001,"Bogota"
"1025",2022-12-05,1,0,11001,"Bogota"
"1026",2022-12-06,1,0,11001,"Bogota"
"1027",2022-12-07,1,0,11001,"Bogota"
"1028",2022-12-08,1,0,11001,"Bogota"
"1029",2022-12-09,1,0,11001,"Bogota"
"1030",2022-12-10,1,0,11001,"Bogota"
"1031",2022-12-11,1,0,11001,"Bogota"
"1032",2022-12-12,1,0,11001,"Bogota"
"1033",2022-12-13,1,0,11001,"Bogota"
"1034",2022-12-14,1,0,11001,"Bogota"
"1035",2022-12-15,1,0,11001,"Bogota"
"1036",2022-12-16,1,0,11001,"Bogota"
"1037",2022-12-17,1,0,11001,"Bogota"
"1038",2022-12-18,1,0,11001,"Bogota"
"1039",2022-12-19,1,0,11001,"Bogota"
"1040",2022-12-20,1,0,11001,"Bogota"
"1041",2022-12-21,1,0,11001,"Bogota"
"1042",2022-12-22,1,0,11001,"Bogota"
"1043",2022-12-23,1,0,11001,"Bogota"
"1044",2022-12-24,1,0,11001,"Bogota"
"1045",2022-12-25,1,0,11001,"Bogota"
"1046",2022-12-26,1,0,11001,"Bogota"
"1047",2022-12-27,1,0,11001,"Bogota"
"1048",2022-12-28,1,0,11001,"Bogota"
"1049",2022-12-29,1,0,11001,"Bogota"
"1050",2022-12-30,1,0,11001,"Bogota"
"1051",2022-12-31,1,0,11001,"Bogota"
"1052",2023-01-01,1,0,11001,"Bogota"
"1053",2023-01-02,1,0,11001,"Bogota"
"1054",2023-01-03,1,0,11001,"Bogota"
"1055",2023-01-04,1,0,11001,"Bogota"
"1056",2023-01-05,1,0,11001,"Bogota"
"1057",2023-01-06,1,0,11001,"Bogota"
"1058",2023-01-07,1,0,11001,"Bogota"
"1059",2023-01-08,1,0,11001,"Bogota"
"1060",2023-01-09,1,0,11001,"Bogota"
"1061",2023-01-10,1,0,11001,"Bogota"
"1062",2023-01-11,1,0,11001,"Bogota"
"1063",2023-01-12,1,0,11001,"Bogota"
"1064",2023-01-13,1,0,11001,"Bogota"
"1065",2023-01-14,1,0,11001,"Bogota"
"1066",2023-01-15,1,0,11001,"Bogota"
"1067",2023-01-16,1,0,11001,"Bogota"
"1068",2023-01-17,1,0,11001,"Bogota"
"1069",2023-01-18,1,0,11001,"Bogota"
"1070",2023-01-19,1,0,11001,"Bogota"
"1071",2023-01-20,1,0,11001,"Bogota"
"1072",2023-01-21,1,0,11001,"Bogota"
"1073",2023-01-22,1,0,11001,"Bogota"
"1074",2023-01-23,1,0,11001,"Bogota"
"1075",2023-01-24,1,0,11001,"Bogota"
"1076",2023-01-25,1,0,11001,"Bogota"
"1077",2023-01-26,1,0,11001,"Bogota"
"1078",2023-01-27,1,0,11001,"Bogota"
"1079",2023-01-28,1,0,11001,"Bogota"
"1080",2023-01-29,1,0,11001,"Bogota"
"1081",2023-01-30,1,0,11001,"Bogota"
"1082",2023-01-31,1,0,11001,"Bogota"
"1083",2023-02-01,1,0,11001,"Bogota"
"1084",2023-02-02,1,0,11001,"Bogota"
"1085",2023-02-03,1,0,11001,"Bogota"
"1086",2023-02-04,1,0,11001,"Bogota"
"1087",2023-02-05,1,0,11001,"Bogota"
"1088",2023-02-06,1,0,11001,"Bogota"
"1089",2023-02-07,1,0,11001,"Bogota"
"1090",2023-02-08,1,0,11001,"Bogota"
"1091",2023-02-09,1,0,11001,"Bogota"
"1092",2023-02-10,1,0,11001,"Bogota"
"1093",2023-02-11,1,0,11001,"Bogota"
"1094",2023-02-12,1,0,11001,"Bogota"
"1095",2023-02-13,1,0,11001,"Bogota"
"1096",2023-02-14,1,0,11001,"Bogota"
"1097",2023-02-15,1,0,11001,"Bogota"
"1098",2023-02-16,1,0,11001,"Bogota"
"1099",2023-02-17,1,0,11001,"Bogota"
"1100",2023-02-18,1,0,11001,"Bogota"
"1101",2023-02-19,1,0,11001,"Bogota"
"1102",2023-02-20,1,0,11001,"Bogota"
"1103",2023-02-21,1,0,11001,"Bogota"
"1104",2023-02-22,1,0,11001,"Bogota"
"1105",2023-02-23,1,0,11001,"Bogota"
"1106",2023-02-24,1,0,11001,"Bogota"
"1107",2023-02-25,1,0,11001,"Bogota"
"1108",2023-02-26,1,0,11001,"Bogota"
"1109",2023-02-27,1,0,11001,"Bogota"
"1110",2023-02-28,1,0,11001,"Bogota"
"1111",2023-03-01,1,0,11001,"Bogota"
"1112",2023-03-02,1,0,11001,"Bogota"
"1113",2023-03-03,1,0,11001,"Bogota"
"1114",2023-03-04,1,0,11001,"Bogota"
"1115",2023-03-05,1,0,11001,"Bogota"
"1116",2023-03-06,1,0,11001,"Bogota"
"1117",2023-03-07,1,0,11001,"Bogota"
"1118",2023-03-08,1,0,11001,"Bogota"
"1119",2023-03-09,1,0,11001,"Bogota"
"1120",2023-03-10,1,0,11001,"Bogota"
"1121",2023-03-11,1,0,11001,"Bogota"
"1122",2023-03-12,1,0,11001,"Bogota"
"1123",2023-03-13,1,0,11001,"Bogota"
"1124",2023-03-14,1,0,11001,"Bogota"
"1125",2023-03-15,1,0,11001,"Bogota"
"1126",2023-03-16,1,0,11001,"Bogota"
"1127",2023-03-17,1,0,11001,"Bogota"
"1128",2023-03-18,1,0,11001,"Bogota"
"1129",2023-03-19,1,0,11001,"Bogota"
"1130",2023-03-20,1,0,11001,"Bogota"
"1131",2023-03-21,1,0,11001,"Bogota"
"1132",2023-03-22,1,0,11001,"Bogota"
"1133",2023-03-23,1,0,11001,"Bogota"
"1134",2023-03-24,1,0,11001,"Bogota"
"1135",2023-03-25,1,0,11001,"Bogota"
"1136",2023-03-26,1,0,11001,"Bogota"
"1137",2023-03-27,1,0,11001,"Bogota"
"1138",2023-03-28,1,0,11001,"Bogota"
"1139",2023-03-29,1,0,11001,"Bogota"
"1140",2023-03-30,1,0,11001,"Bogota"
"1141",2023-03-31,1,0,11001,"Bogota"
"1142",2023-04-01,1,0,11001,"Bogota"
"1143",2023-04-02,1,0,11001,"Bogota"
"1144",2023-04-03,1,0,11001,"Bogota"
"1145",2023-04-04,1,0,11001,"Bogota"
"1146",2023-04-05,1,0,11001,"Bogota"
"1147",2023-04-06,1,0,11001,"Bogota"
"1148",2023-04-07,1,0,11001,"Bogota"
"1149",2023-04-08,1,0,11001,"Bogota"
"1150",2023-04-09,1,0,11001,"Bogota"
"1151",2023-04-10,1,0,11001,"Bogota"
"1152",2023-04-11,1,0,11001,"Bogota"
"1153",2023-04-12,1,0,11001,"Bogota"
"1154",2023-04-13,1,0,11001,"Bogota"
"1155",2023-04-14,1,0,11001,"Bogota"
"1156",2023-04-15,1,0,11001,"Bogota"
"1157",2023-04-16,1,0,11001,"Bogota"
"1158",2023-04-17,1,0,11001,"Bogota"
"1159",2023-04-18,1,0,11001,"Bogota"
"1160",2023-04-19,1,0,11001,"Bogota"
"1161",2023-04-20,1,0,11001,"Bogota"
"1162",2023-04-21,1,0,11001,"Bogota"
"1163",2023-04-22,1,0,11001,"Bogota"
"1164",2023-04-23,1,0,11001,"Bogota"
"1165",2023-04-24,1,0,11001,"Bogota"
"1166",2023-04-25,1,0,11001,"Bogota"
"1167",2023-04-26,1,0,11001,"Bogota"
"1168",2023-04-27,1,0,11001,"Bogota"
"1169",2023-04-28,1,0,11001,"Bogota"
"1170",2023-04-29,1,0,11001,"Bogota"
"1171",2023-04-30,1,0,11001,"Bogota"
"1172",2023-05-01,1,0,11001,"Bogota"
"1173",2023-05-02,1,0,11001,"Bogota"
"1174",2023-05-03,1,0,11001,"Bogota"
"1175",2023-05-04,1,0,11001,"Bogota"
"1176",2023-05-05,1,0,11001,"Bogota"
"1177",2023-05-06,1,0,11001,"Bogota"
"1178",2023-05-07,1,0,11001,"Bogota"
"1179",2023-05-08,1,0,11001,"Bogota"
"1180",2023-05-09,1,0,11001,"Bogota"
"1181",2023-05-10,1,0,11001,"Bogota"
"1182",2023-05-11,1,0,11001,"Bogota"
"1183",2023-05-12,1,0,11001,"Bogota"
"1184",2023-05-13,1,0,11001,"Bogota"
"1185",2023-05-14,1,0,11001,"Bogota"
"1186",2023-05-15,1,0,11001,"Bogota"
"1187",2023-05-16,1,0,11001,"Bogota"
"1188",2023-05-17,1,0,11001,"Bogota"
"1189",2023-05-18,1,0,11001,"Bogota"
"1190",2023-05-19,1,0,11001,"Bogota"
"1191",2023-05-20,1,0,11001,"Bogota"
"1192",2023-05-21,1,0,11001,"Bogota"
"1193",2023-05-22,1,0,11001,"Bogota"
"1194",2023-05-23,1,0,11001,"Bogota"
"1195",2023-05-24,1,0,11001,"Bogota"
"1196",2023-05-25,1,0,11001,"Bogota"
"1197",2023-05-26,1,0,11001,"Bogota"
"1198",2023-05-27,1,0,11001,"Bogota"
"1199",2023-05-28,1,0,11001,"Bogota"
"1200",2023-05-29,1,0,11001,"Bogota"
"1201",2023-05-30,1,0,11001,"Bogota"
"1202",2023-05-31,1,0,11001,"Bogota"
"1203",2023-06-01,1,0,11001,"Bogota"
"1204",2023-06-02,1,0,11001,"Bogota"
"1205",2023-06-03,1,0,11001,"Bogota"
"1206",2023-06-04,1,0,11001,"Bogota"
"1207",2023-06-05,1,0,11001,"Bogota"
"1208",2023-06-06,1,0,11001,"Bogota"
"1209",2023-06-07,1,0,11001,"Bogota"
"1210",2023-06-08,1,0,11001,"Bogota"
"1211",2023-06-09,1,0,11001,"Bogota"
"1212",2023-06-10,1,0,11001,"Bogota"
"1213",2023-06-11,1,0,11001,"Bogota"
"1214",2023-06-12,1,0,11001,"Bogota"
"1215",2023-06-13,1,0,11001,"Bogota"
"1216",2023-06-14,1,0,11001,"Bogota"
"1217",2023-06-15,1,0,11001,"Bogota"
"1218",2023-06-16,1,0,11001,"Bogota"
"1219",2023-06-17,1,0,11001,"Bogota"
"1220",2023-06-18,1,0,11001,"Bogota"
"1221",2023-06-19,1,0,11001,"Bogota"
"1222",2023-06-20,1,0,11001,"Bogota"
"1223",2023-06-21,1,0,11001,"Bogota"
"1224",2023-06-22,1,0,11001,"Bogota"
"1225",2023-06-23,1,0,11001,"Bogota"
"1226",2023-06-24,1,0,11001,"Bogota"
"1227",2023-06-25,1,0,11001,"Bogota"
"1228",2023-06-26,1,0,11001,"Bogota"
"1229",2023-06-27,1,0,11001,"Bogota"
"1230",2023-06-28,1,0,11001,"Bogota"
"1231",2023-06-29,1,0,11001,"Bogota"
"1232",2023-06-30,1,0,11001,"Bogota"
"1233",2023-07-01,1,0,11001,"Bogota"
"1234",2023-07-02,1,0,11001,"Bogota"
"1235",2023-07-03,1,0,11001,"Bogota"
"1236",2023-07-04,1,0,11001,"Bogota"
"1237",2023-07-05,1,0,11001,"Bogota"
"1238",2023-07-06,1,0,11001,"Bogota"
"1239",2023-07-07,1,0,11001,"Bogota"
"1240",2023-07-08,1,0,11001,"Bogota"
"1241",2023-07-09,1,0,11001,"Bogota"
"1242",2023-07-10,1,0,11001,"Bogota"
"1243",2023-07-11,1,0,11001,"Bogota"
"1244",2023-07-12,1,0,11001,"Bogota"
"1245",2023-07-13,1,0,11001,"Bogota"
"1246",2023-07-14,1,0,11001,"Bogota"
"1247",2023-07-15,1,0,11001,"Bogota"
"1248",2023-07-16,1,0,11001,"Bogota"
"1249",2023-07-17,1,0,11001,"Bogota"
"1250",2023-07-18,1,0,11001,"Bogota"
"1251",2023-07-19,1,0,11001,"Bogota"
"1252",2023-07-20,1,0,11001,"Bogota"
"1253",2023-07-21,1,0,11001,"Bogota"
"1254",2023-07-22,1,0,11001,"Bogota"
"1255",2023-07-23,1,0,11001,"Bogota"
"1256",2023-07-24,1,0,11001,"Bogota"
"1257",2023-07-25,1,0,11001,"Bogota"
"1258",2023-07-26,1,0,11001,"Bogota"
"1259",2023-07-27,1,0,11001,"Bogota"
"1260",2023-07-28,1,0,11001,"Bogota"
"1261",2023-07-29,1,0,11001,"Bogota"
"1262",2023-07-30,1,0,11001,"Bogota"
"1263",2023-07-31,1,0,11001,"Bogota"
"1264",2023-08-01,1,0,11001,"Bogota"
"1265",2023-08-02,1,0,11001,"Bogota"
"1266",2023-08-03,1,0,11001,"Bogota"
"1267",2023-08-04,1,0,11001,"Bogota"
"1268",2023-08-05,1,0,11001,"Bogota"
"1269",2023-08-06,1,0,11001,"Bogota"
"1270",2023-08-07,1,0,11001,"Bogota"
"1271",2023-08-08,1,0,11001,"Bogota"
"1272",2023-08-09,1,0,11001,"Bogota"
"1273",2023-08-10,1,0,11001,"Bogota"
"1274",2023-08-11,1,0,11001,"Bogota"
"1275",2023-08-12,1,0,11001,"Bogota"
"1276",2023-08-13,1,0,11001,"Bogota"
"1277",2023-08-14,1,0,11001,"Bogota"
"1278",2023-08-15,1,0,11001,"Bogota"
"1279",2023-08-16,1,0,11001,"Bogota"
"1280",2023-08-17,1,0,11001,"Bogota"
"1281",2023-08-18,1,0,11001,"Bogota"
"1282",2023-08-19,1,0,11001,"Bogota"
"1283",2023-08-20,1,0,11001,"Bogota"
"1284",2023-08-21,1,0,11001,"Bogota"
"1285",2023-08-22,1,0,11001,"Bogota"
"1286",2023-08-23,1,0,11001,"Bogota"
"1287",2023-08-24,1,0,11001,"Bogota"
"1288",2023-08-25,1,0,11001,"Bogota"
"1289",2023-08-26,1,0,11001,"Bogota"
"1290",2023-08-27,1,0,11001,"Bogota"
"1291",2023-08-28,1,0,11001,"Bogota"
"1292",2023-08-29,1,0,11001,"Bogota"
"1293",2023-08-30,1,0,11001,"Bogota"
"1294",2023-08-31,1,0,11001,"Bogota"
"1295",2023-09-01,1,0,11001,"Bogota"
"1296",2023-09-02,1,0,11001,"Bogota"
"1297",2023-09-03,1,0,11001,"Bogota"
"1298",2023-09-04,1,0,11001,"Bogota"
"1299",2023-09-05,1,0,11001,"Bogota"
"1300",2023-09-06,1,0,11001,"Bogota"
"1301",2023-09-07,1,0,11001,"Bogota"
"1302",2023-09-08,1,0,11001,"Bogota"
"1303",2023-09-09,1,0,11001,"Bogota"
"1304",2023-09-10,1,0,11001,"Bogota"
"1305",2023-09-11,1,0,11001,"Bogota"
"1306",2023-09-12,1,0,11001,"Bogota"
"1307",2023-09-13,1,0,11001,"Bogota"
"1308",2023-09-14,1,0,11001,"Bogota"
"1309",2023-09-15,1,0,11001,"Bogota"
"1310",2023-09-16,1,0,11001,"Bogota"
"1311",2023-09-17,1,0,11001,"Bogota"
"1312",2023-09-18,1,0,11001,"Bogota"
"1313",2023-09-19,1,0,11001,"Bogota"
"1314",2023-09-20,1,0,11001,"Bogota"
"1315",2023-09-21,1,0,11001,"Bogota"
"1316",2023-09-22,1,0,11001,"Bogota"
"1317",2023-09-23,1,0,11001,"Bogota"
"1318",2023-09-24,1,0,11001,"Bogota"
"1319",2023-09-25,1,0,11001,"Bogota"
"1320",2023-09-26,1,0,11001,"Bogota"
"1321",2023-09-27,1,0,11001,"Bogota"
"1322",2023-09-28,1,0,11001,"Bogota"
"1323",2023-09-29,1,0,11001,"Bogota"
"1324",2023-09-30,1,0,11001,"Bogota"
"1325",2023-10-01,1,0,11001,"Bogota"
"1326",2023-10-02,1,0,11001,"Bogota"
"1327",2023-10-03,1,0,11001,"Bogota"
"1328",2023-10-04,1,0,11001,"Bogota"
"1329",2023-10-05,1,0,11001,"Bogota"
"1330",2023-10-06,1,0,11001,"Bogota"
"1331",2023-10-07,1,0,11001,"Bogota"
"1332",2023-10-08,1,0,11001,"Bogota"
"1333",2023-10-09,1,0,11001,"Bogota"
"1334",2023-10-10,1,0,11001,"Bogota"
"1335",2023-10-11,1,0,11001,"Bogota"
"1336",2023-10-12,1,0,11001,"Bogota"
"1337",2023-10-13,1,0,11001,"Bogota"
"1338",2023-10-14,1,0,11001,"Bogota"
"1339",2023-10-15,1,0,11001,"Bogota"
"1340",2023-10-16,1,0,11001,"Bogota"
"1341",2023-10-17,1,0,11001,"Bogota"
"1342",2023-10-18,1,0,11001,"Bogota"
"1343",2023-10-19,1,0,11001,"Bogota"
"1344",2023-10-20,1,0,11001,"Bogota"
"1345",2023-10-21,1,0,11001,"Bogota"
"1346",2023-10-22,1,0,11001,"Bogota"
"1347",2023-10-23,1,0,11001,"Bogota"
"1348",2023-10-24,1,0,11001,"Bogota"
"1349",2023-10-25,1,0,11001,"Bogota"
"1350",2023-10-26,1,0,11001,"Bogota"
"1351",2023-10-27,1,0,11001,"Bogota"
"1352",2023-10-28,1,0,11001,"Bogota"
"1353",2023-10-29,1,0,11001,"Bogota"
"1354",2023-10-30,1,0,11001,"Bogota"
"1355",2023-10-31,1,0,11001,"Bogota"
"1356",2023-11-01,1,0,11001,"Bogota"
"1357",2023-11-02,1,0,11001,"Bogota"
"1358",2023-11-03,1,0,11001,"Bogota"
"1359",2023-11-04,1,0,11001,"Bogota"
"1360",2023-11-05,1,0,11001,"Bogota"
"1361",2023-11-06,1,0,11001,"Bogota"
"1362",2023-11-07,1,0,11001,"Bogota"
"1363",2023-11-08,1,0,11001,"Bogota"
"1364",2023-11-09,1,0,11001,"Bogota"
"1365",2023-11-10,1,0,11001,"Bogota"
"1366",2023-11-11,1,0,11001,"Bogota"
"1367",2023-11-12,1,0,11001,"Bogota"
"1368",2023-11-13,1,0,11001,"Bogota"
"1369",2023-11-14,1,0,11001,"Bogota"
"1370",2023-11-15,1,0,11001,"Bogota"
"1371",2023-11-16,1,0,11001,"Bogota"
"1372",2023-11-17,1,0,11001,"Bogota"
"1373",2023-11-18,1,0,11001,"Bogota"
"1374",2023-11-19,1,0,11001,"Bogota"
"1375",2023-11-20,1,0,11001,"Bogota"
"1376",2023-11-21,1,0,11001,"Bogota"
"1377",2023-11-22,1,0,11001,"Bogota"
"1378",2023-11-23,1,0,11001,"Bogota"
"1379",2023-11-24,1,0,11001,"Bogota"
"1380",2023-11-25,1,0,11001,"Bogota"
"1381",2023-11-26,1,0,11001,"Bogota"
"1382",2023-11-27,1,0,11001,"Bogota"
"1383",2023-11-28,1,0,11001,"Bogota"
"1384",2023-11-29,1,0,11001,"Bogota"
"1385",2023-11-30,1,0,11001,"Bogota"
"1386",2023-12-01,1,0,11001,"Bogota"
"1387",2023-12-02,1,0,11001,"Bogota"
"1388",2023-12-03,1,0,11001,"Bogota"
"1389",2023-12-04,1,0,11001,"Bogota"
"1390",2023-12-05,1,0,11001,"Bogota"
"1391",2023-12-06,1,0,11001,"Bogota"
"1392",2023-12-07,1,0,11001,"Bogota"
"1393",2023-12-08,1,0,11001,"Bogota"
"1394",2023-12-09,1,0,11001,"Bogota"
"1395",2023-12-10,1,0,11001,"Bogota"
"1396",2023-12-11,1,0,11001,"Bogota"
"1397",2023-12-12,1,0,11001,"Bogota"
"1398",2023-12-13,1,0,11001,"Bogota"
"1399",2023-12-14,1,0,11001,"Bogota"
"1400",2023-12-15,1,0,11001,"Bogota"
"1401",2023-12-16,1,0,11001,"Bogota"
"1402",2023-12-17,1,0,11001,"Bogota"
"1403",2023-12-18,1,0,11001,"Bogota"
"1404",2023-12-19,1,0,11001,"Bogota"
"1405",2023-12-20,1,0,11001,"Bogota"
"1406",2023-12-21,1,0,11001,"Bogota"
"1407",2023-12-22,1,0,11001,"Bogota"
"1408",2023-12-23,1,0,11001,"Bogota"
"1409",2023-12-24,1,0,11001,"Bogota"
"1410",2023-12-25,1,0,11001,"Bogota"
"1411",2023-12-26,1,0,11001,"Bogota"
"1412",2023-12-27,1,0,11001,"Bogota"
"1413",2023-12-28,1,0,11001,"Bogota"
"1414",2023-12-29,1,0,11001,"Bogota"
"1415",2023-12-30,1,0,11001,"Bogota"
"1416",2023-12-31,1,0,11001,"Bogota"
